score,title,company,location,link,source,matched
44,Cybersecurity Analyst (SOC Analyst / Threat Monitoring & Response),Unknown,Unknown,https://www.linkedin.com/jobs/view/cybersecurity-analyst-soc-analyst-threat-monitoring-response-at-avint-4387454926?position=42&amp;pageNum=0&amp;refId=urztGseiUfamkMeNaEvZgg%3D%3D&amp;trackingId=Oz4M%2BfW6Ahzbc9HKIPVheg%3D%3D,https://www.linkedin.com/jobs/search/?keywords=cybersecurity%20analyst&location=Remote,"+kw:cybersecurity, +kw:soc, +kw:security analyst, +kw:threat, +loc:remote, +remote, +entry:analyst"
44,Cybersecurity Analyst (SOC Analyst / Threat Monitoring & Response),Unknown,Unknown,https://www.linkedin.com/jobs/view/cybersecurity-analyst-soc-analyst-threat-monitoring-response-at-avint-4387454926?position=18&amp;pageNum=0&amp;refId=%2BYJPutnsoABhjCQOCRCnTw%3D%3D&amp;trackingId=oUMb%2BkNub0k2IrNEeggjnQ%3D%3D,https://www.linkedin.com/jobs/search/?keywords=soc%20analyst&location=Remote,"+kw:cybersecurity, +kw:soc, +kw:security analyst, +kw:threat, +loc:remote, +remote, +entry:analyst"
36,Associate Cybersecurity Analyst,Unknown,Unknown,https://www.linkedin.com/jobs/view/associate-cybersecurity-analyst-at-optomi-4392892265?position=30&amp;pageNum=0&amp;refId=urztGseiUfamkMeNaEvZgg%3D%3D&amp;trackingId=3iZAo0Iz0YR94UUvuiBFCg%3D%3D,https://www.linkedin.com/jobs/search/?keywords=cybersecurity%20analyst&location=Remote,"+kw:cybersecurity, +kw:soc, +kw:security analyst, +loc:remote, +remote, +entry:associate"
36,"Associate Analyst, IT Cybersecurity Incident Response",Unknown,Unknown,https://www.linkedin.com/jobs/view/associate-analyst-it-cybersecurity-incident-response-at-american-airlines-4387506608?position=50&amp;pageNum=0&amp;refId=urztGseiUfamkMeNaEvZgg%3D%3D&amp;trackingId=5O9FsYa3UuGhkPWH7fWBqg%3D%3D,https://www.linkedin.com/jobs/search/?keywords=cybersecurity%20analyst&location=Remote,"+kw:cybersecurity, +kw:soc, +kw:incident response, +loc:remote, +remote, +entry:associate"
36,Cybersecurity Analyst,Unknown,Unknown,https://www.linkedin.com/jobs/view/cybersecurity-analyst-at-hermeus-4388233800?position=9&amp;pageNum=0&amp;refId=%2BYJPutnsoABhjCQOCRCnTw%3D%3D&amp;trackingId=e9L%2FaMMqNkT8bbySIIa%2FPQ%3D%3D,https://www.linkedin.com/jobs/search/?keywords=soc%20analyst&location=Remote,"+kw:cybersecurity, +kw:soc, +kw:security analyst, +loc:remote, +remote, +entry:analyst"
36,Tier I Cybersecurity Analyst,Unknown,Unknown,https://www.linkedin.com/jobs/view/tier-i-cybersecurity-analyst-at-tangent-technologies-llc-4369718853?position=23&amp;pageNum=0&amp;refId=%2BYJPutnsoABhjCQOCRCnTw%3D%3D&amp;trackingId=s95WsPrFdkVeu8hQ75Qn7w%3D%3D,https://www.linkedin.com/jobs/search/?keywords=soc%20analyst&location=Remote,"+kw:cybersecurity, +kw:soc, +kw:security analyst, +loc:remote, +remote, +entry:analyst"
28,SOC Analyst,Unknown,Unknown,https://in.linkedin.com/jobs/view/soc-analyst-at-protera-4395028068?position=2&amp;pageNum=0&amp;refId=urztGseiUfamkMeNaEvZgg%3D%3D&amp;trackingId=ysqzCW2laTkwNoXtS27qSA%3D%3D,https://www.linkedin.com/jobs/search/?keywords=cybersecurity%20analyst&location=Remote,"+kw:cybersecurity, +kw:soc, +loc:remote, +remote, +entry:analyst"
28,Cyber Security Analyst (Rif. 2025-127),Unknown,Unknown,https://www.linkedin.com/jobs/view/cyber-security-analyst-rif-2025-127-at-aizoon-usa-4286713154?position=3&amp;pageNum=0&amp;refId=urztGseiUfamkMeNaEvZgg%3D%3D&amp;trackingId=ycH%2FANjmk0VKB7Nb%2FLf%2FTQ%3D%3D,https://www.linkedin.com/jobs/search/?keywords=cybersecurity%20analyst&location=Remote,"+kw:cybersecurity, +kw:security analyst, +loc:remote, +remote, +entry:analyst"
28,SOC Analyst,Unknown,Unknown,https://uk.linkedin.com/jobs/view/soc-analyst-at-oxford-ionics-4393568680?position=4&amp;pageNum=0&amp;refId=urztGseiUfamkMeNaEvZgg%3D%3D&amp;trackingId=z9UNq9d5nyW77zdZwXqRZw%3D%3D,https://www.linkedin.com/jobs/search/?keywords=cybersecurity%20analyst&location=Remote,"+kw:cybersecurity, +kw:soc, +loc:remote, +remote, +entry:analyst"
28,IT Security Analyst,Unknown,Unknown,https://www.linkedin.com/jobs/view/it-security-analyst-at-access-data-consulting-corporation-4393045002?position=5&amp;pageNum=0&amp;refId=urztGseiUfamkMeNaEvZgg%3D%3D&amp;trackingId=8l8JjQQJzY7byFml3lPfUA%3D%3D,https://www.linkedin.com/jobs/search/?keywords=cybersecurity%20analyst&location=Remote,"+kw:cybersecurity, +kw:security analyst, +loc:remote, +remote, +entry:analyst"
28,Cyber Security Analyst,Unknown,Unknown,https://www.linkedin.com/jobs/view/cyber-security-analyst-at-franklin-fitch-4380901372?position=7&amp;pageNum=0&amp;refId=urztGseiUfamkMeNaEvZgg%3D%3D&amp;trackingId=8mwPTKvsMUo6MKBriKqS7Q%3D%3D,https://www.linkedin.com/jobs/search/?keywords=cybersecurity%20analyst&location=Remote,"+kw:cybersecurity, +kw:security analyst, +loc:remote, +remote, +entry:analyst"
28,Cyber Security Analyst,Unknown,Unknown,https://www.linkedin.com/jobs/view/cyber-security-analyst-at-soho-square-solutions-4381743899?position=11&amp;pageNum=0&amp;refId=urztGseiUfamkMeNaEvZgg%3D%3D&amp;trackingId=xWh56i0LV0UIs4RXGAyZiQ%3D%3D,https://www.linkedin.com/jobs/search/?keywords=cybersecurity%20analyst&location=Remote,"+kw:cybersecurity, +kw:security analyst, +loc:remote, +remote, +entry:analyst"
28,Cybersecurity Analyst,Unknown,Unknown,https://www.linkedin.com/jobs/view/cybersecurity-analyst-at-hermeus-4388233800?position=13&amp;pageNum=0&amp;refId=urztGseiUfamkMeNaEvZgg%3D%3D&amp;trackingId=X97NHwJU0aUdijHkS0vKDw%3D%3D,https://www.linkedin.com/jobs/search/?keywords=cybersecurity%20analyst&location=Remote,"+kw:cybersecurity, +kw:security analyst, +loc:remote, +remote, +entry:analyst"
28,Cyber Security Analyst (Jr),Unknown,Unknown,https://www.linkedin.com/jobs/view/cyber-security-analyst-jr-at-ses-corporation-4394953382?position=14&amp;pageNum=0&amp;refId=urztGseiUfamkMeNaEvZgg%3D%3D&amp;trackingId=YA7J%2FL9bObiDMc7qJdHl0g%3D%3D,https://www.linkedin.com/jobs/search/?keywords=cybersecurity%20analyst&location=Remote,"+kw:cybersecurity, +kw:security analyst, +loc:remote, +remote, +entry:analyst"
28,Cyber Security Analyst,Unknown,Unknown,https://www.linkedin.com/jobs/view/cyber-security-analyst-at-interex-group-4395032552?position=15&amp;pageNum=0&amp;refId=urztGseiUfamkMeNaEvZgg%3D%3D&amp;trackingId=DiOJziHNi1x7gTXZw562xQ%3D%3D,https://www.linkedin.com/jobs/search/?keywords=cybersecurity%20analyst&location=Remote,"+kw:cybersecurity, +kw:security analyst, +loc:remote, +remote, +entry:analyst"
28,Cyber Security Analyst (Jr),Unknown,Unknown,https://www.linkedin.com/jobs/view/cyber-security-analyst-jr-at-ses-corporation-4394943817?position=17&amp;pageNum=0&amp;refId=urztGseiUfamkMeNaEvZgg%3D%3D&amp;trackingId=8eP45lh72mHOhlQyj0EVWg%3D%3D,https://www.linkedin.com/jobs/search/?keywords=cybersecurity%20analyst&location=Remote,"+kw:cybersecurity, +kw:security analyst, +loc:remote, +remote, +entry:analyst"
28,IT Security Analyst,Unknown,Unknown,https://www.linkedin.com/jobs/view/it-security-analyst-at-idr-inc-4394681234?position=18&amp;pageNum=0&amp;refId=urztGseiUfamkMeNaEvZgg%3D%3D&amp;trackingId=aqc0aZYc2pF34NZxkOdacQ%3D%3D,https://www.linkedin.com/jobs/search/?keywords=cybersecurity%20analyst&location=Remote,"+kw:cybersecurity, +kw:security analyst, +loc:remote, +remote, +entry:analyst"
28,Level 1 Security Analyst,Unknown,Unknown,https://au.linkedin.com/jobs/view/level-1-security-analyst-at-triskele-labs-4387672477?position=19&amp;pageNum=0&amp;refId=urztGseiUfamkMeNaEvZgg%3D%3D&amp;trackingId=H8jk9U8KJRP6lKm9r65Y6Q%3D%3D,https://www.linkedin.com/jobs/search/?keywords=cybersecurity%20analyst&location=Remote,"+kw:cybersecurity, +kw:security analyst, +loc:remote, +remote, +entry:analyst"
28,SOC Analyst – Tier 2,Unknown,Unknown,https://www.linkedin.com/jobs/view/soc-analyst-%E2%80%93-tier-2-at-apavo-corporation-4393299614?position=20&amp;pageNum=0&amp;refId=urztGseiUfamkMeNaEvZgg%3D%3D&amp;trackingId=yGhDNqzlfcUEFm%2F872CyQQ%3D%3D,https://www.linkedin.com/jobs/search/?keywords=cybersecurity%20analyst&location=Remote,"+kw:cybersecurity, +kw:soc, +loc:remote, +remote, +entry:analyst"
28,Cyber Security Analyst,Unknown,Unknown,https://www.linkedin.com/jobs/view/cyber-security-analyst-at-atomus-4374301212?position=21&amp;pageNum=0&amp;refId=urztGseiUfamkMeNaEvZgg%3D%3D&amp;trackingId=lobV0mQ%2Fyi0lIc6opC%2FYfA%3D%3D,https://www.linkedin.com/jobs/search/?keywords=cybersecurity%20analyst&location=Remote,"+kw:cybersecurity, +kw:security analyst, +loc:remote, +remote, +entry:analyst"
28,EXECUTIVE SOC,Unknown,Unknown,https://in.linkedin.com/jobs/view/executive-soc-at-network-techlab-india-limited-4393555873?position=23&amp;pageNum=0&amp;refId=urztGseiUfamkMeNaEvZgg%3D%3D&amp;trackingId=xSjqW5hAvu4lUbvu9UbnmA%3D%3D,https://www.linkedin.com/jobs/search/?keywords=cybersecurity%20analyst&location=Remote,"+kw:cybersecurity, +kw:soc, +loc:remote, +remote, +entry:analyst"
28,Tier I Cybersecurity Analyst,Unknown,Unknown,https://www.linkedin.com/jobs/view/tier-i-cybersecurity-analyst-at-tangent-technologies-llc-4369718853?position=26&amp;pageNum=0&amp;refId=urztGseiUfamkMeNaEvZgg%3D%3D&amp;trackingId=pGFTBBzMlGEH5IEjU9dCCQ%3D%3D,https://www.linkedin.com/jobs/search/?keywords=cybersecurity%20analyst&location=Remote,"+kw:cybersecurity, +kw:security analyst, +loc:remote, +remote, +entry:analyst"
28,Junior Cyber Security Analyst - Tier 1,Unknown,Unknown,https://in.linkedin.com/jobs/view/junior-cyber-security-analyst-tier-1-at-endava-4380661816?position=27&amp;pageNum=0&amp;refId=urztGseiUfamkMeNaEvZgg%3D%3D&amp;trackingId=Rx4Y%2F1xHkFiw2xlOC5FkTA%3D%3D,https://www.linkedin.com/jobs/search/?keywords=cybersecurity%20analyst&location=Remote,"+kw:cybersecurity, +kw:security analyst, +loc:remote, +remote, +entry:junior"
28,Cyber Security Analyst,Unknown,Unknown,https://uk.linkedin.com/jobs/view/cyber-security-analyst-at-vallum-associates-4382108148?position=28&amp;pageNum=0&amp;refId=urztGseiUfamkMeNaEvZgg%3D%3D&amp;trackingId=xz7lWUyfnvkLf%2BMyHIYT5A%3D%3D,https://www.linkedin.com/jobs/search/?keywords=cybersecurity%20analyst&location=Remote,"+kw:cybersecurity, +kw:security analyst, +loc:remote, +remote, +entry:analyst"
28,Vallum Associates,Unknown,Unknown,https://uk.linkedin.com/company/vallum-associates-limited?trk=public_jobs_jserp-result_job-search-card-subtitle,https://www.linkedin.com/jobs/search/?keywords=cybersecurity%20analyst&location=Remote,"+kw:cybersecurity, +kw:soc, +loc:remote, +remote, +entry:associate"
28,Cyber Security Analyst,Unknown,Unknown,https://uk.linkedin.com/jobs/view/cyber-security-analyst-at-tria-4388468341?position=29&amp;pageNum=0&amp;refId=urztGseiUfamkMeNaEvZgg%3D%3D&amp;trackingId=GKg8pvpvYWC4iyHNgJZnqA%3D%3D,https://www.linkedin.com/jobs/search/?keywords=cybersecurity%20analyst&location=Remote,"+kw:cybersecurity, +kw:security analyst, +loc:remote, +remote, +entry:analyst"
28,Cyber Security Analyst,Unknown,Unknown,https://www.linkedin.com/jobs/view/cyber-security-analyst-at-datum-technologies-group-4385948062?position=31&amp;pageNum=0&amp;refId=urztGseiUfamkMeNaEvZgg%3D%3D&amp;trackingId=9mB5Ri4tuCal8K4T2t66BA%3D%3D,https://www.linkedin.com/jobs/search/?keywords=cybersecurity%20analyst&location=Remote,"+kw:cybersecurity, +kw:security analyst, +loc:remote, +remote, +entry:analyst"
28,Cyber Security Analyst,Unknown,Unknown,https://www.linkedin.com/jobs/view/cyber-security-analyst-at-inspyr-solutions-4391198146?position=32&amp;pageNum=0&amp;refId=urztGseiUfamkMeNaEvZgg%3D%3D&amp;trackingId=Erl1nOsFLzasv%2F97IcyjfA%3D%3D,https://www.linkedin.com/jobs/search/?keywords=cybersecurity%20analyst&location=Remote,"+kw:cybersecurity, +kw:security analyst, +loc:remote, +remote, +entry:analyst"
28,Cyber Security Analyst,Unknown,Unknown,https://sa.linkedin.com/jobs/view/cyber-security-analyst-at-emdad-by-elm-4382423208?position=33&amp;pageNum=0&amp;refId=urztGseiUfamkMeNaEvZgg%3D%3D&amp;trackingId=nd0qmEBLqDDJ2xPDEG3dYA%3D%3D,https://www.linkedin.com/jobs/search/?keywords=cybersecurity%20analyst&location=Remote,"+kw:cybersecurity, +kw:security analyst, +loc:remote, +remote, +entry:analyst"
28,Cybersecurity Analyst,Unknown,Unknown,https://www.linkedin.com/jobs/view/cybersecurity-analyst-at-saransh-inc-4380950084?position=34&amp;pageNum=0&amp;refId=urztGseiUfamkMeNaEvZgg%3D%3D&amp;trackingId=Vnk9RzxmcJ6IFBzGmYNMyw%3D%3D,https://www.linkedin.com/jobs/search/?keywords=cybersecurity%20analyst&location=Remote,"+kw:cybersecurity, +kw:security analyst, +loc:remote, +remote, +entry:analyst"
28,Cyber Security Analyst,Unknown,Unknown,https://www.linkedin.com/jobs/view/cyber-security-analyst-at-eliassen-group-4392422404?position=35&amp;pageNum=0&amp;refId=urztGseiUfamkMeNaEvZgg%3D%3D&amp;trackingId=nSH28KElHizJB6KZVufKfA%3D%3D,https://www.linkedin.com/jobs/search/?keywords=cybersecurity%20analyst&location=Remote,"+kw:cybersecurity, +kw:security analyst, +loc:remote, +remote, +entry:analyst"
28,Security Operations Center Analyst,Unknown,Unknown,https://www.linkedin.com/jobs/view/security-operations-center-analyst-at-james-search-group-4392303131?position=36&amp;pageNum=0&amp;refId=urztGseiUfamkMeNaEvZgg%3D%3D&amp;trackingId=3JcKHyW0E505mlZdY5o47A%3D%3D,https://www.linkedin.com/jobs/search/?keywords=cybersecurity%20analyst&location=Remote,"+kw:cybersecurity, +kw:security operations, +loc:remote, +remote, +entry:analyst"
28,"Information Security Analyst I - Cincinnati, OH",Unknown,Unknown,https://www.linkedin.com/jobs/view/information-security-analyst-i-cincinnati-oh-at-whitedog-cyber-4280255709?position=37&amp;pageNum=0&amp;refId=urztGseiUfamkMeNaEvZgg%3D%3D&amp;trackingId=d1jzc04%2FnBLt%2FJJphdKAOQ%3D%3D,https://www.linkedin.com/jobs/search/?keywords=cybersecurity%20analyst&location=Remote,"+kw:cybersecurity, +kw:security analyst, +loc:remote, +remote, +entry:analyst"
28,Cyber Security Analyst,Unknown,Unknown,https://www.linkedin.com/jobs/view/cyber-security-analyst-at-aaratech-4393466400?position=38&amp;pageNum=0&amp;refId=urztGseiUfamkMeNaEvZgg%3D%3D&amp;trackingId=bRVr8neLN9aqZnVEquvXBg%3D%3D,https://www.linkedin.com/jobs/search/?keywords=cybersecurity%20analyst&location=Remote,"+kw:cybersecurity, +kw:security analyst, +loc:remote, +remote, +entry:analyst"
28,EXECUTIVE SOC,Unknown,Unknown,https://in.linkedin.com/jobs/view/executive-soc-at-network-techlab-india-limited-4393551904?position=40&amp;pageNum=0&amp;refId=urztGseiUfamkMeNaEvZgg%3D%3D&amp;trackingId=ujEYdgU5%2BhxppE9zwwopaw%3D%3D,https://www.linkedin.com/jobs/search/?keywords=cybersecurity%20analyst&location=Remote,"+kw:cybersecurity, +kw:soc, +loc:remote, +remote, +entry:analyst"
28,IT Security Analyst,Unknown,Unknown,https://my.linkedin.com/jobs/view/it-security-analyst-at-petron-malaysia-refining-marketing-bhd-4308076695?position=41&amp;pageNum=0&amp;refId=urztGseiUfamkMeNaEvZgg%3D%3D&amp;trackingId=gtJjIhzGtYI5%2FZjTFGM8jg%3D%3D,https://www.linkedin.com/jobs/search/?keywords=cybersecurity%20analyst&location=Remote,"+kw:cybersecurity, +kw:security analyst, +loc:remote, +remote, +entry:analyst"
28,Cyber Security Analyst,Unknown,Unknown,https://uk.linkedin.com/jobs/view/cyber-security-analyst-at-blockchain-com-4278333464?position=43&amp;pageNum=0&amp;refId=urztGseiUfamkMeNaEvZgg%3D%3D&amp;trackingId=01QtiUQUX4tBlgxKn%2B5BbQ%3D%3D,https://www.linkedin.com/jobs/search/?keywords=cybersecurity%20analyst&location=Remote,"+kw:cybersecurity, +kw:security analyst, +loc:remote, +remote, +entry:analyst"
28,Cyber Security Analyst,Unknown,Unknown,https://www.linkedin.com/jobs/view/cyber-security-analyst-at-technoyon-india-pvt-ltd-4386523250?position=44&amp;pageNum=0&amp;refId=urztGseiUfamkMeNaEvZgg%3D%3D&amp;trackingId=Q5ZlOFRS%2F0e00Q9%2B60QceA%3D%3D,https://www.linkedin.com/jobs/search/?keywords=cybersecurity%20analyst&location=Remote,"+kw:cybersecurity, +kw:security analyst, +loc:remote, +remote, +entry:analyst"
28,Cyber Security Analyst,Unknown,Unknown,https://www.linkedin.com/jobs/view/cyber-security-analyst-at-wakefern-food-corp-4396649481?position=46&amp;pageNum=0&amp;refId=urztGseiUfamkMeNaEvZgg%3D%3D&amp;trackingId=PR70p9M6RP43bFhd9nYvwA%3D%3D,https://www.linkedin.com/jobs/search/?keywords=cybersecurity%20analyst&location=Remote,"+kw:cybersecurity, +kw:security analyst, +loc:remote, +remote, +entry:analyst"
28,SOC Analyst I,Unknown,Unknown,https://www.linkedin.com/jobs/view/soc-analyst-i-at-netcov-4391858802?position=47&amp;pageNum=0&amp;refId=urztGseiUfamkMeNaEvZgg%3D%3D&amp;trackingId=Gmfk94F3xubscVkwbIRH%2Bw%3D%3D,https://www.linkedin.com/jobs/search/?keywords=cybersecurity%20analyst&location=Remote,"+kw:cybersecurity, +kw:soc, +loc:remote, +remote, +entry:analyst"
28,CSOC Tier 1 Analyst,Unknown,Unknown,https://www.linkedin.com/jobs/view/csoc-tier-1-analyst-at-constellation-software-engineering-llc-csengineering-4384564631?position=48&amp;pageNum=0&amp;refId=urztGseiUfamkMeNaEvZgg%3D%3D&amp;trackingId=L4eYx9r%2BOkSCkPiG5YDEVA%3D%3D,https://www.linkedin.com/jobs/search/?keywords=cybersecurity%20analyst&location=Remote,"+kw:cybersecurity, +kw:soc, +loc:remote, +remote, +entry:analyst"
28,Information Technology - Cyber Security Analyst (Scoot),Unknown,Unknown,https://sg.linkedin.com/jobs/view/information-technology-cyber-security-analyst-scoot-at-singapore-airlines-4080162002?position=49&amp;pageNum=0&amp;refId=urztGseiUfamkMeNaEvZgg%3D%3D&amp;trackingId=y8n63Ef6FyFfL3kZU1XdRw%3D%3D,https://www.linkedin.com/jobs/search/?keywords=cybersecurity%20analyst&location=Remote,"+kw:cybersecurity, +kw:security analyst, +loc:remote, +remote, +entry:analyst"
28,SOC Siem Analyst,Unknown,Unknown,https://www.linkedin.com/jobs/view/soc-siem-analyst-at-kraft-kennedy-inc-4370571573?position=4&amp;pageNum=0&amp;refId=%2BYJPutnsoABhjCQOCRCnTw%3D%3D&amp;trackingId=%2FDudZ%2BNJhWSljpiAfVuHMA%3D%3D,https://www.linkedin.com/jobs/search/?keywords=soc%20analyst&location=Remote,"+kw:soc, +kw:siem, +loc:remote, +remote, +entry:analyst"
28,Security Operations Center Analyst,Unknown,Unknown,https://www.linkedin.com/jobs/view/security-operations-center-analyst-at-nyc-department-of-finance-4392669552?position=5&amp;pageNum=0&amp;refId=%2BYJPutnsoABhjCQOCRCnTw%3D%3D&amp;trackingId=TsnpIGYHISpWm6pSK1em9g%3D%3D,https://www.linkedin.com/jobs/search/?keywords=soc%20analyst&location=Remote,"+kw:soc, +kw:security operations, +loc:remote, +remote, +entry:analyst"
28,IT Security Analyst,Unknown,Unknown,https://www.linkedin.com/jobs/view/it-security-analyst-at-access-data-consulting-corporation-4393045002?position=8&amp;pageNum=0&amp;refId=%2BYJPutnsoABhjCQOCRCnTw%3D%3D&amp;trackingId=tw2pUs7oKjUmXwS3phJHQg%3D%3D,https://www.linkedin.com/jobs/search/?keywords=soc%20analyst&location=Remote,"+kw:soc, +kw:security analyst, +loc:remote, +remote, +entry:analyst"
28,Security Operations Center Analyst,Unknown,Unknown,https://www.linkedin.com/jobs/view/security-operations-center-analyst-at-franklin-fitch-4380798468?position=10&amp;pageNum=0&amp;refId=%2BYJPutnsoABhjCQOCRCnTw%3D%3D&amp;trackingId=fNhZHWMy7f6dhELYWPn0pg%3D%3D,https://www.linkedin.com/jobs/search/?keywords=soc%20analyst&location=Remote,"+kw:soc, +kw:security operations, +loc:remote, +remote, +entry:analyst"
28,Security Operations Center Analyst,Unknown,Unknown,https://www.linkedin.com/jobs/view/security-operations-center-analyst-at-james-search-group-4392303131?position=11&amp;pageNum=0&amp;refId=%2BYJPutnsoABhjCQOCRCnTw%3D%3D&amp;trackingId=Ri%2BZxjdrr%2FawhgVOFAacAQ%3D%3D,https://www.linkedin.com/jobs/search/?keywords=soc%20analyst&location=Remote,"+kw:soc, +kw:security operations, +loc:remote, +remote, +entry:analyst"
28,Security Operations Center Analyst,Unknown,Unknown,https://www.linkedin.com/jobs/view/security-operations-center-analyst-at-cbts-4390766509?position=15&amp;pageNum=0&amp;refId=%2BYJPutnsoABhjCQOCRCnTw%3D%3D&amp;trackingId=AJSo1YP28KfIZjhrxupJRg%3D%3D,https://www.linkedin.com/jobs/search/?keywords=soc%20analyst&location=Remote,"+kw:soc, +kw:security operations, +loc:remote, +remote, +entry:analyst"
28,Security Operations Center Analyst,Unknown,Unknown,https://uk.linkedin.com/jobs/view/security-operations-center-analyst-at-cantor-fitzgerald-4376703955?position=24&amp;pageNum=0&amp;refId=%2BYJPutnsoABhjCQOCRCnTw%3D%3D&amp;trackingId=wAyn4rCAROrPkMFhHAdG%2BQ%3D%3D,https://www.linkedin.com/jobs/search/?keywords=soc%20analyst&location=Remote,"+kw:soc, +kw:security operations, +loc:remote, +remote, +entry:analyst"
28,Security Operations Center Analyst,Unknown,Unknown,https://www.linkedin.com/jobs/view/security-operations-center-analyst-at-charter-solutions-4387617236?position=26&amp;pageNum=0&amp;refId=%2BYJPutnsoABhjCQOCRCnTw%3D%3D&amp;trackingId=eX9cPAAZTpMA8Jz%2BRT1zlw%3D%3D,https://www.linkedin.com/jobs/search/?keywords=soc%20analyst&location=Remote,"+kw:soc, +kw:security operations, +loc:remote, +remote, +entry:analyst"
28,Security Operations Center Analyst,Unknown,Unknown,https://uk.linkedin.com/jobs/view/security-operations-center-analyst-at-adeptis-group-4379871614?position=30&amp;pageNum=0&amp;refId=%2BYJPutnsoABhjCQOCRCnTw%3D%3D&amp;trackingId=vS%2FsxbHPWZOx6O7HBv5RMQ%3D%3D,https://www.linkedin.com/jobs/search/?keywords=soc%20analyst&location=Remote,"+kw:soc, +kw:security operations, +loc:remote, +remote, +entry:analyst"
28,Security Operations Center Analyst,Unknown,Unknown,https://uk.linkedin.com/jobs/view/security-operations-center-analyst-at-intaso-4385914144?position=31&amp;pageNum=0&amp;refId=%2BYJPutnsoABhjCQOCRCnTw%3D%3D&amp;trackingId=68xtJ%2FI8KC7Wa66JWqoRBw%3D%3D,https://www.linkedin.com/jobs/search/?keywords=soc%20analyst&location=Remote,"+kw:soc, +kw:security operations, +loc:remote, +remote, +entry:analyst"
28,IT Security Analyst,Unknown,Unknown,https://www.linkedin.com/jobs/view/it-security-analyst-at-jet-support-services-inc-jssi-4386501943?position=32&amp;pageNum=0&amp;refId=%2BYJPutnsoABhjCQOCRCnTw%3D%3D&amp;trackingId=8Govr0nPS1RmeKOPCZYSLA%3D%3D,https://www.linkedin.com/jobs/search/?keywords=soc%20analyst&location=Remote,"+kw:soc, +kw:security analyst, +loc:remote, +remote, +entry:analyst"
28,Security Operations Center Analyst,Unknown,Unknown,https://uk.linkedin.com/jobs/view/security-operations-center-analyst-at-franklin-fitch-4394693151?position=35&amp;pageNum=0&amp;refId=%2BYJPutnsoABhjCQOCRCnTw%3D%3D&amp;trackingId=0FwEqGqp35JlQ5ifWlrI6g%3D%3D,https://www.linkedin.com/jobs/search/?keywords=soc%20analyst&location=Remote,"+kw:soc, +kw:security operations, +loc:remote, +remote, +entry:analyst"
28,Security Operations Center Analyst,Unknown,Unknown,https://www.linkedin.com/jobs/view/security-operations-center-analyst-at-btechnical-group-4393964091?position=43&amp;pageNum=0&amp;refId=%2BYJPutnsoABhjCQOCRCnTw%3D%3D&amp;trackingId=cXxAw2F6plhihFALDTjKZA%3D%3D,https://www.linkedin.com/jobs/search/?keywords=soc%20analyst&location=Remote,"+kw:soc, +kw:security operations, +loc:remote, +remote, +entry:analyst"
28,Cybersecurity GRC Specialist,Unknown,Unknown,https://sa.linkedin.com/jobs/view/cybersecurity-grc-specialist-at-saudi-accreditation-center-4395699300?position=47&amp;pageNum=0&amp;refId=%2BYJPutnsoABhjCQOCRCnTw%3D%3D&amp;trackingId=3btOEwLVRwFJWcw3Z3nqkQ%3D%3D,https://www.linkedin.com/jobs/search/?keywords=soc%20analyst&location=Remote,"+kw:cybersecurity, +kw:soc, +loc:remote, +remote, +entry:analyst"
28,Cybersecurity Analyst,Unknown,Unknown,https://www.indeed.com/rc/clk?jk=20cfdbb9a6c6b604&amp;bb=g7cxVQRlKqXCk79yviT9-D0olOvkT_WAHbt-cHdJZSB8J9MCs0ULOjt4gp6UgSJNb1hbYmR9fUvM763kZ5QdlljEDupj2LwRE0IKjiVdqO9_jUYv0pcAQhDlJUSUWzdJ&amp;xkcb=SoAG67M3lnTh4CgQ3L0KbzkdCdPP&amp;fccid=d3d3520998346837&amp;vjs=3,https://www.indeed.com/jobs?q=network+security&l=Remote,"+kw:cybersecurity, +kw:security analyst, +loc:remote, +remote, +entry:analyst"
28,"Cybersecurity Analyst salaries in Raleigh, NC",Unknown,Unknown,https://www.indeed.com/career/cybersecurity-analyst/salaries/Raleigh--NC?campaignid=serp-more&amp;fromjk=20cfdbb9a6c6b604&amp;from=serp-more,https://www.indeed.com/jobs?q=network+security&l=Remote,"+kw:cybersecurity, +kw:security analyst, +loc:remote, +remote, +entry:analyst"
28,Cybersecurity Analyst,Unknown,Unknown,https://www.indeed.com/rc/clk?jk=766cf73c9c3f9113&amp;bb=g7cxVQRlKqXCk79yviT9-DBnh_nRe33qaaLhQSezKIChDv_uc56qxZxxMvvAM2luB6NxCOu8b5l1HoKJ1g6hY1XPJbkuuWgo4VL8vMBrBVBJeb5rITSH2y4xXuysywPQ&amp;xkcb=SoDb67M3lnTh4CgQ3L0ebzkdCdPP&amp;fccid=2c900ad8919fc9ee&amp;vjs=3,https://www.indeed.com/jobs?q=network+security&l=Remote,"+kw:cybersecurity, +kw:security analyst, +loc:remote, +remote, +entry:analyst"
28,Cybersecurity Analyst salaries in Remote,Unknown,Unknown,https://www.indeed.com/career/cybersecurity-analyst/salaries?campaignid=serp-more&amp;fromjk=766cf73c9c3f9113&amp;from=serp-more,https://www.indeed.com/jobs?q=network+security&l=Remote,"+kw:cybersecurity, +kw:security analyst, +loc:remote, +remote, +entry:analyst"
20,Information Security Specialist,Unknown,Unknown,https://il.linkedin.com/jobs/view/information-security-specialist-at-abra-4392526979?position=1&amp;pageNum=0&amp;refId=urztGseiUfamkMeNaEvZgg%3D%3D&amp;trackingId=VBWUi6Wzdhw5bvrQ9jt96Q%3D%3D,https://www.linkedin.com/jobs/search/?keywords=cybersecurity%20analyst&location=Remote,"+kw:cybersecurity, +loc:remote, +remote, +entry:analyst"
20,Cyber Security Specialist,Unknown,Unknown,https://www.linkedin.com/jobs/view/cyber-security-specialist-at-system-one-4393575974?position=8&amp;pageNum=0&amp;refId=urztGseiUfamkMeNaEvZgg%3D%3D&amp;trackingId=nCSTzF6djcrobG%2FVLx61WA%3D%3D,https://www.linkedin.com/jobs/search/?keywords=cybersecurity%20analyst&location=Remote,"+kw:cybersecurity, +loc:remote, +remote, +entry:analyst"
20,Cybersecurity GRC Specialist,Unknown,Unknown,https://sa.linkedin.com/jobs/view/cybersecurity-grc-specialist-at-saudi-accreditation-center-4395699300?position=12&amp;pageNum=0&amp;refId=urztGseiUfamkMeNaEvZgg%3D%3D&amp;trackingId=x1%2FT9h6TDWdd%2F%2Bx9muCltA%3D%3D,https://www.linkedin.com/jobs/search/?keywords=cybersecurity%20analyst&location=Remote,"+kw:cybersecurity, +loc:remote, +remote, +entry:analyst"
20,Information Security Specialist (on-site),Unknown,Unknown,https://nl.linkedin.com/jobs/view/information-security-specialist-on-site-at-delta-electronics-emea-4392190708?position=16&amp;pageNum=0&amp;refId=urztGseiUfamkMeNaEvZgg%3D%3D&amp;trackingId=DvdmiO%2FaCjvMzdvulm6Waw%3D%3D,https://www.linkedin.com/jobs/search/?keywords=cybersecurity%20analyst&location=Remote,"+kw:cybersecurity, +loc:remote, +remote, +entry:analyst"
20,Cybersecurity Intern,Unknown,Unknown,https://es.linkedin.com/jobs/view/cybersecurity-intern-at-capgemini-invent-4386670563?position=22&amp;pageNum=0&amp;refId=urztGseiUfamkMeNaEvZgg%3D%3D&amp;trackingId=iS5%2FIKNyBXr5IVXjjmtdOg%3D%3D,https://www.linkedin.com/jobs/search/?keywords=cybersecurity%20analyst&location=Remote,"+kw:cybersecurity, +loc:remote, +remote, +entry:analyst"
20,Network Techlab India Limited,Unknown,Unknown,https://in.linkedin.com/company/networktechlab?trk=public_jobs_jserp-result_job-search-card-subtitle,https://www.linkedin.com/jobs/search/?keywords=cybersecurity%20analyst&location=Remote,"+kw:cybersecurity, +loc:remote, +remote, +entry:analyst"
20,Cyber Security Specialist (SecOps/GRC),Unknown,Unknown,https://uk.linkedin.com/jobs/view/cyber-security-specialist-secops-grc-at-hays-4393537081?position=24&amp;pageNum=0&amp;refId=urztGseiUfamkMeNaEvZgg%3D%3D&amp;trackingId=9tvtUFQPaayzv8qOpDQ74A%3D%3D,https://www.linkedin.com/jobs/search/?keywords=cybersecurity%20analyst&location=Remote,"+kw:cybersecurity, +loc:remote, +remote, +entry:analyst"
20,Cyber Security Specialist,Unknown,Unknown,https://uk.linkedin.com/jobs/view/cyber-security-specialist-at-lorien-4393506227?position=25&amp;pageNum=0&amp;refId=urztGseiUfamkMeNaEvZgg%3D%3D&amp;trackingId=IFXVGoyCr4WhKgaTtmbO%2Bw%3D%3D,https://www.linkedin.com/jobs/search/?keywords=cybersecurity%20analyst&location=Remote,"+kw:cybersecurity, +loc:remote, +remote, +entry:analyst"
20,WhiteDog Cyber,Unknown,Unknown,https://www.linkedin.com/company/whitedog?trk=public_jobs_jserp-result_job-search-card-subtitle,https://www.linkedin.com/jobs/search/?keywords=cybersecurity%20analyst&location=Remote,"+kw:cybersecurity, +loc:remote, +remote, +entry:analyst"
20,Data Analyst (Cybersecurity),Unknown,Unknown,https://sg.linkedin.com/jobs/view/data-analyst-cybersecurity-at-peoplebank-asia-4392172412?position=39&amp;pageNum=0&amp;refId=urztGseiUfamkMeNaEvZgg%3D%3D&amp;trackingId=okFVqJlFB2yM7B0DAtdbaA%3D%3D,https://www.linkedin.com/jobs/search/?keywords=cybersecurity%20analyst&location=Remote,"+kw:cybersecurity, +loc:remote, +remote, +entry:analyst"
20,Cyber Security Specialist,Unknown,Unknown,https://sa.linkedin.com/jobs/view/cyber-security-specialist-at-aljabr-finance-4395046467?position=45&amp;pageNum=0&amp;refId=urztGseiUfamkMeNaEvZgg%3D%3D&amp;trackingId=TRATZTbvL5pq4bcxHGTdjA%3D%3D,https://www.linkedin.com/jobs/search/?keywords=cybersecurity%20analyst&location=Remote,"+kw:cybersecurity, +loc:remote, +remote, +entry:analyst"
20,SOC Analyst,Unknown,Unknown,https://www.linkedin.com/jobs/view/soc-analyst-at-kraft-kennedy-inc-4371024347?position=1&amp;pageNum=0&amp;refId=%2BYJPutnsoABhjCQOCRCnTw%3D%3D&amp;trackingId=jPG4mhM%2BYOLRaU2feHA1wA%3D%3D,https://www.linkedin.com/jobs/search/?keywords=soc%20analyst&location=Remote,"+kw:soc, +loc:remote, +remote, +entry:analyst"
20,Level 1 SOC Analyst,Unknown,Unknown,https://ae.linkedin.com/jobs/view/level-1-soc-analyst-at-securityhq-4395294436?position=2&amp;pageNum=0&amp;refId=%2BYJPutnsoABhjCQOCRCnTw%3D%3D&amp;trackingId=NHxtQwQD1A9CDo3jeInlTw%3D%3D,https://www.linkedin.com/jobs/search/?keywords=soc%20analyst&location=Remote,"+kw:soc, +loc:remote, +remote, +entry:analyst"
20,SecurityHQ,Unknown,Unknown,https://uk.linkedin.com/company/securityhq?trk=public_jobs_jserp-result_job-search-card-subtitle,https://www.linkedin.com/jobs/search/?keywords=soc%20analyst&location=Remote,"+kw:soc, +loc:remote, +remote, +entry:analyst"
20,Tier I SOC Analyst,Unknown,Unknown,https://uk.linkedin.com/jobs/view/tier-i-soc-analyst-at-cyberclan-4383151374?position=3&amp;pageNum=0&amp;refId=%2BYJPutnsoABhjCQOCRCnTw%3D%3D&amp;trackingId=7p0NYD9YktxEVYOMeUDthg%3D%3D,https://www.linkedin.com/jobs/search/?keywords=soc%20analyst&location=Remote,"+kw:soc, +loc:remote, +remote, +entry:analyst"
20,CyberClan,Unknown,Unknown,https://ca.linkedin.com/company/cyberclantm?trk=public_jobs_jserp-result_job-search-card-subtitle,https://www.linkedin.com/jobs/search/?keywords=soc%20analyst&location=Remote,"+kw:soc, +loc:remote, +remote, +entry:analyst"
20,EXECUTIVE SOC,Unknown,Unknown,https://in.linkedin.com/jobs/view/executive-soc-at-network-techlab-india-limited-4393555873?position=7&amp;pageNum=0&amp;refId=%2BYJPutnsoABhjCQOCRCnTw%3D%3D&amp;trackingId=8bOq30wpxoyCcIuZEZ4LiQ%3D%3D,https://www.linkedin.com/jobs/search/?keywords=soc%20analyst&location=Remote,"+kw:soc, +loc:remote, +remote, +entry:analyst"
20,Network Techlab India Limited,Unknown,Unknown,https://in.linkedin.com/company/networktechlab?trk=public_jobs_jserp-result_job-search-card-subtitle,https://www.linkedin.com/jobs/search/?keywords=soc%20analyst&location=Remote,"+kw:soc, +loc:remote, +remote, +entry:analyst"
20,SOC Analyst,Unknown,Unknown,https://www.linkedin.com/jobs/view/soc-analyst-at-snapcode-inc-4334245497?position=12&amp;pageNum=0&amp;refId=%2BYJPutnsoABhjCQOCRCnTw%3D%3D&amp;trackingId=uTYz4W9A%2BgZU7MtkaqnijA%3D%3D,https://www.linkedin.com/jobs/search/?keywords=soc%20analyst&location=Remote,"+kw:soc, +loc:remote, +remote, +entry:analyst"
20,SOC Analyst,Unknown,Unknown,https://www.linkedin.com/jobs/view/soc-analyst-at-paragon-it-professionals-4391786095?position=13&amp;pageNum=0&amp;refId=%2BYJPutnsoABhjCQOCRCnTw%3D%3D&amp;trackingId=9xLrSBz7fv4odd7lVKL1RA%3D%3D,https://www.linkedin.com/jobs/search/?keywords=soc%20analyst&location=Remote,"+kw:soc, +loc:remote, +remote, +entry:analyst"
20,SOC Analyst,Unknown,Unknown,https://www.linkedin.com/jobs/view/soc-analyst-at-kastech-software-solutions-group-4392430293?position=14&amp;pageNum=0&amp;refId=%2BYJPutnsoABhjCQOCRCnTw%3D%3D&amp;trackingId=QESz%2FlBa5fHpNyQa06MS3g%3D%3D,https://www.linkedin.com/jobs/search/?keywords=soc%20analyst&location=Remote,"+kw:soc, +loc:remote, +remote, +entry:analyst"
20,EXECUTIVE SOC,Unknown,Unknown,https://in.linkedin.com/jobs/view/executive-soc-at-network-techlab-india-limited-4393551904?position=16&amp;pageNum=0&amp;refId=%2BYJPutnsoABhjCQOCRCnTw%3D%3D&amp;trackingId=TgcSKpg9cCs2tM7aTuHe1w%3D%3D,https://www.linkedin.com/jobs/search/?keywords=soc%20analyst&location=Remote,"+kw:soc, +loc:remote, +remote, +entry:analyst"
20,SOC Analyst,Unknown,Unknown,https://in.linkedin.com/jobs/view/soc-analyst-at-protera-4395028068?position=17&amp;pageNum=0&amp;refId=%2BYJPutnsoABhjCQOCRCnTw%3D%3D&amp;trackingId=bRyouXXUB3YEflGx2Gz8kg%3D%3D,https://www.linkedin.com/jobs/search/?keywords=soc%20analyst&location=Remote,"+kw:soc, +loc:remote, +remote, +entry:analyst"
20,Lead - SOC Analyst,Unknown,Unknown,https://in.linkedin.com/jobs/view/lead-soc-analyst-at-freshworks-4393500932?position=19&amp;pageNum=0&amp;refId=%2BYJPutnsoABhjCQOCRCnTw%3D%3D&amp;trackingId=Lg1rBe5YfMzg7M6zdsbZGw%3D%3D,https://www.linkedin.com/jobs/search/?keywords=soc%20analyst&location=Remote,"+kw:soc, +loc:remote, +remote, +entry:analyst"
20,Tier II SOC Analyst,Unknown,Unknown,https://uk.linkedin.com/jobs/view/tier-ii-soc-analyst-at-cyberclan-4383130920?position=20&amp;pageNum=0&amp;refId=%2BYJPutnsoABhjCQOCRCnTw%3D%3D&amp;trackingId=1jMVw2Wnilimc08npVlbMw%3D%3D,https://www.linkedin.com/jobs/search/?keywords=soc%20analyst&location=Remote,"+kw:soc, +loc:remote, +remote, +entry:analyst"
20,SOC Analyst (L1),Unknown,Unknown,https://uk.linkedin.com/jobs/view/soc-analyst-l1-at-chapman-tate-associates-4392705736?position=21&amp;pageNum=0&amp;refId=%2BYJPutnsoABhjCQOCRCnTw%3D%3D&amp;trackingId=NsKFMsYFZ8pcAzQkpsf3sw%3D%3D,https://www.linkedin.com/jobs/search/?keywords=soc%20analyst&location=Remote,"+kw:soc, +loc:remote, +remote, +entry:analyst"
20,Chapman Tate Associates,Unknown,Unknown,https://uk.linkedin.com/company/chapman-tate-associates-limited?trk=public_jobs_jserp-result_job-search-card-subtitle,https://www.linkedin.com/jobs/search/?keywords=soc%20analyst&location=Remote,"+kw:soc, +loc:remote, +remote, +entry:associate"
20,Entry Level SOC Analyst,Unknown,Unknown,https://www.linkedin.com/jobs/view/entry-level-soc-analyst-at-waters-corporation-4389225829?position=22&amp;pageNum=0&amp;refId=%2BYJPutnsoABhjCQOCRCnTw%3D%3D&amp;trackingId=XnK7pBKOWpMiEnMeaL59RQ%3D%3D,https://www.linkedin.com/jobs/search/?keywords=soc%20analyst&location=Remote,"+kw:soc, +loc:remote, +remote, +entry:entry"
20,Tier I SOC Analyst,Unknown,Unknown,https://au.linkedin.com/jobs/view/tier-i-soc-analyst-at-cyberclan-4383158144?position=27&amp;pageNum=0&amp;refId=%2BYJPutnsoABhjCQOCRCnTw%3D%3D&amp;trackingId=tnwmSuqa%2B6FKzAvy7mJV3w%3D%3D,https://www.linkedin.com/jobs/search/?keywords=soc%20analyst&location=Remote,"+kw:soc, +loc:remote, +remote, +entry:analyst"
20,SOC Analyst,Unknown,Unknown,https://uk.linkedin.com/jobs/view/soc-analyst-at-ncc-group-4393524410?position=28&amp;pageNum=0&amp;refId=%2BYJPutnsoABhjCQOCRCnTw%3D%3D&amp;trackingId=GQ7a5lhaRig6JwBNqZHzzA%3D%3D,https://www.linkedin.com/jobs/search/?keywords=soc%20analyst&location=Remote,"+kw:soc, +loc:remote, +remote, +entry:analyst"
20,Cyber Security Specialist,Unknown,Unknown,https://www.linkedin.com/jobs/view/cyber-security-specialist-at-system-one-4393575974?position=29&amp;pageNum=0&amp;refId=%2BYJPutnsoABhjCQOCRCnTw%3D%3D&amp;trackingId=jU801z%2BN9gcj80e6WByJ7g%3D%3D,https://www.linkedin.com/jobs/search/?keywords=soc%20analyst&location=Remote,"+kw:soc, +loc:remote, +remote, +entry:analyst"
20,SOC Analyst,Unknown,Unknown,https://uk.linkedin.com/jobs/view/soc-analyst-at-ncc-group-4393531099?position=33&amp;pageNum=0&amp;refId=%2BYJPutnsoABhjCQOCRCnTw%3D%3D&amp;trackingId=DE%2F4cFsbaCH4BtBcEFLa4Q%3D%3D,https://www.linkedin.com/jobs/search/?keywords=soc%20analyst&location=Remote,"+kw:soc, +loc:remote, +remote, +entry:analyst"
20,SoC Analyst,Unknown,Unknown,https://www.linkedin.com/jobs/view/soc-analyst-at-uberether-4395066041?position=34&amp;pageNum=0&amp;refId=%2BYJPutnsoABhjCQOCRCnTw%3D%3D&amp;trackingId=QThJqVecEGnynmy5xuPyyA%3D%3D,https://www.linkedin.com/jobs/search/?keywords=soc%20analyst&location=Remote,"+kw:soc, +loc:remote, +remote, +entry:analyst"
20,SOC Analyst Junior,Unknown,Unknown,https://it.linkedin.com/jobs/view/soc-analyst-junior-at-aubay-italia-4390561965?position=36&amp;pageNum=0&amp;refId=%2BYJPutnsoABhjCQOCRCnTw%3D%3D&amp;trackingId=Wof4MKTyEqjKRUvCu1EErQ%3D%3D,https://www.linkedin.com/jobs/search/?keywords=soc%20analyst&location=Remote,"+kw:soc, +loc:remote, +remote, +entry:junior"
20,Tier 1 SOC Analyst,Unknown,Unknown,https://www.linkedin.com/jobs/view/tier-1-soc-analyst-at-gdh-4391769769?position=37&amp;pageNum=0&amp;refId=%2BYJPutnsoABhjCQOCRCnTw%3D%3D&amp;trackingId=ZMLWuUzAJst4VxIwy9SDyA%3D%3D,https://www.linkedin.com/jobs/search/?keywords=soc%20analyst&location=Remote,"+kw:soc, +loc:remote, +remote, +entry:analyst"
20,SOC Analyst [JOB ID 20260319],Unknown,Unknown,https://www.linkedin.com/jobs/view/soc-analyst-job-id-20260319-at-phoenix-cyber-4385462626?position=39&amp;pageNum=0&amp;refId=%2BYJPutnsoABhjCQOCRCnTw%3D%3D&amp;trackingId=0TietdovRoS3NXVgZPQdTg%3D%3D,https://www.linkedin.com/jobs/search/?keywords=soc%20analyst&location=Remote,"+kw:soc, +loc:remote, +remote, +entry:analyst"
20,Phoenix Cyber,Unknown,Unknown,https://www.linkedin.com/company/phoenixcyber?trk=public_jobs_jserp-result_job-search-card-subtitle,https://www.linkedin.com/jobs/search/?keywords=soc%20analyst&location=Remote,"+kw:soc, +loc:remote, +remote, +entry:analyst"
20,Jr. SOC Analyst,Unknown,Unknown,https://www.linkedin.com/jobs/view/jr-soc-analyst-at-kelly-4395336650?position=40&amp;pageNum=0&amp;refId=%2BYJPutnsoABhjCQOCRCnTw%3D%3D&amp;trackingId=B%2FgOdykSQ0uSezohQZ1COA%3D%3D,https://www.linkedin.com/jobs/search/?keywords=soc%20analyst&location=Remote,"+kw:soc, +loc:remote, +remote, +entry:analyst"
20,SOC Analyst,Unknown,Unknown,https://uk.linkedin.com/jobs/view/soc-analyst-at-oxford-ionics-4393568680?position=41&amp;pageNum=0&amp;refId=%2BYJPutnsoABhjCQOCRCnTw%3D%3D&amp;trackingId=72T%2BH5ZPNaUMEn4ouuiT1A%3D%3D,https://www.linkedin.com/jobs/search/?keywords=soc%20analyst&location=Remote,"+kw:soc, +loc:remote, +remote, +entry:analyst"
20,SOC Analyst L2_SAUDI,Unknown,Unknown,https://sa.linkedin.com/jobs/view/soc-analyst-l2-saudi-at-astek-middle-east-4379898346?position=42&amp;pageNum=0&amp;refId=%2BYJPutnsoABhjCQOCRCnTw%3D%3D&amp;trackingId=7wWis7%2BV7qvhtJA0No%2F9Bw%3D%3D,https://www.linkedin.com/jobs/search/?keywords=soc%20analyst&location=Remote,"+kw:soc, +loc:remote, +remote, +entry:analyst"
20,SOC Analyst [JOB ID 20260319],Unknown,Unknown,https://www.linkedin.com/jobs/view/soc-analyst-job-id-20260319-at-phoenix-cyber-4385467363?position=44&amp;pageNum=0&amp;refId=%2BYJPutnsoABhjCQOCRCnTw%3D%3D&amp;trackingId=grYt%2FjTmjijub1VnKo7%2BJQ%3D%3D,https://www.linkedin.com/jobs/search/?keywords=soc%20analyst&location=Remote,"+kw:soc, +loc:remote, +remote, +entry:analyst"
20,SOC Analyst [JOB ID 20260319],Unknown,Unknown,https://www.linkedin.com/jobs/view/soc-analyst-job-id-20260319-at-phoenix-cyber-4385469199?position=45&amp;pageNum=0&amp;refId=%2BYJPutnsoABhjCQOCRCnTw%3D%3D&amp;trackingId=31aMybZMrYTM%2FIxu7tVpKg%3D%3D,https://www.linkedin.com/jobs/search/?keywords=soc%20analyst&location=Remote,"+kw:soc, +loc:remote, +remote, +entry:analyst"
20,SOC Analyst,Unknown,Unknown,https://www.linkedin.com/jobs/view/soc-analyst-at-ericsson-4391207059?position=46&amp;pageNum=0&amp;refId=%2BYJPutnsoABhjCQOCRCnTw%3D%3D&amp;trackingId=b9CDYY0m4MTCojEQs3WHmQ%3D%3D,https://www.linkedin.com/jobs/search/?keywords=soc%20analyst&location=Remote,"+kw:soc, +loc:remote, +remote, +entry:analyst"
20,SOC Analyst [JOB ID 20260319],Unknown,Unknown,https://www.linkedin.com/jobs/view/soc-analyst-job-id-20260319-at-phoenix-cyber-4385456836?position=48&amp;pageNum=0&amp;refId=%2BYJPutnsoABhjCQOCRCnTw%3D%3D&amp;trackingId=e83loDX7QG09lxR56o6wyg%3D%3D,https://www.linkedin.com/jobs/search/?keywords=soc%20analyst&location=Remote,"+kw:soc, +loc:remote, +remote, +entry:analyst"
20,Network Security Analyst,Unknown,Unknown,https://www.linkedin.com/jobs/view/network-security-analyst-at-cymertek-corporation-4265115070?position=9&amp;pageNum=0&amp;refId=tne%2BKa6%2BNmCUiXODBjn0YQ%3D%3D&amp;trackingId=6H%2Bb9WjxKbQSpyHPrwjqqw%3D%3D,https://www.linkedin.com/jobs/search/?keywords=network%20security&location=Remote,"+kw:security analyst, +loc:remote, +remote, +entry:analyst"
20,Level 1 SOC Analyst,Unknown,Unknown,https://ae.linkedin.com/jobs/view/level-1-soc-analyst-at-securityhq-4395294436?position=25&amp;pageNum=0&amp;refId=tne%2BKa6%2BNmCUiXODBjn0YQ%3D%3D&amp;trackingId=HP90se%2FcOd1%2BrP4MFixd%2Fw%3D%3D,https://www.linkedin.com/jobs/search/?keywords=network%20security&location=Remote,"+kw:soc, +loc:remote, +remote, +entry:analyst"
20,Network Security Analyst,Unknown,Unknown,https://www.linkedin.com/jobs/view/network-security-analyst-at-cymertek-corporation-4264557878?position=27&amp;pageNum=0&amp;refId=tne%2BKa6%2BNmCUiXODBjn0YQ%3D%3D&amp;trackingId=afPbB7cyun%2F9oLnxQYjJFg%3D%3D,https://www.linkedin.com/jobs/search/?keywords=network%20security&location=Remote,"+kw:security analyst, +loc:remote, +remote, +entry:analyst"
20,Network Security Analyst,Unknown,Unknown,https://www.linkedin.com/jobs/view/network-security-analyst-at-cymertek-corporation-4264562297?position=34&amp;pageNum=0&amp;refId=tne%2BKa6%2BNmCUiXODBjn0YQ%3D%3D&amp;trackingId=aAi7gPc2IaCSFSJiXdN0Tw%3D%3D,https://www.linkedin.com/jobs/search/?keywords=network%20security&location=Remote,"+kw:security analyst, +loc:remote, +remote, +entry:analyst"
20,Network Security Analyst (Need TX locals),Unknown,Unknown,https://www.linkedin.com/jobs/view/network-security-analyst%C2%A0-need-tx-locals-at-mindfore-technologies-4377512427?position=45&amp;pageNum=0&amp;refId=tne%2BKa6%2BNmCUiXODBjn0YQ%3D%3D&amp;trackingId=ZwZwhI7BJDqgCWA%2FQvGDig%3D%3D,https://www.linkedin.com/jobs/search/?keywords=network%20security&location=Remote,"+kw:security analyst, +loc:remote, +remote, +entry:analyst"
20,IT Security Analyst,Unknown,Unknown,https://www.indeed.com/rc/clk?jk=de2b527066885a1e&amp;bb=g7cxVQRlKqXCk79yviT9-KtbzZ6_aRd7okhMwgK8E0uN8nvqNgO8n2GQipq7N9kAPjztOlgTP3wqtQvB-SeXJSab-BRv0PkoHQEID8l8Xg2_5yeSje8K9T6W_2UVgTg5&amp;xkcb=SoAv67M3lnTh4CgQ3L0IbzkdCdPP&amp;fccid=bd482c9c80ac7239&amp;vjs=3,https://www.indeed.com/jobs?q=network+security&l=Remote,"+kw:security analyst, +loc:remote, +remote, +entry:analyst"
20,"Information Security Analyst jobs in Independence, OH",Unknown,Unknown,"https://www.indeed.com/q-information-security-analyst-l-independence,-oh-jobs.html",https://www.indeed.com/jobs?q=network+security&l=Remote,"+kw:security analyst, +loc:remote, +remote, +entry:analyst"
20,IT Security Analyst salaries,Unknown,Unknown,"https://www.indeed.com/career/salaries/Information%20Security%20Analyst/Independence,%20OH?campaignid=serp-more&amp;fromjk=de2b527066885a1e&amp;from=serp-more",https://www.indeed.com/jobs?q=network+security&l=Remote,"+kw:security analyst, +loc:remote, +remote, +entry:analyst"
20,Cyber Security Associate (Remote),Unknown,Unknown,https://www.indeed.com/rc/clk?jk=7f5137435b0fe512&amp;bb=g7cxVQRlKqXCk79yviT9-KY6VqAHVIn6XFkxo3SIUx6ZiYxG-n6VvsIKOKqEkZ9gsF3lRsSqYFhBH9ynQZylNV4LZsPbcwb9wIRK1YGnBHZC858UqeGGMzAP49Tb5bnk&amp;xkcb=SoCh67M3lnTh4CgQ3L0PbzkdCdPP&amp;fccid=5acf3c1d84f9b6de&amp;vjs=3,https://www.indeed.com/jobs?q=network+security&l=Remote,"+kw:soc, +loc:remote, +remote, +entry:associate"
20,Cyber Security Associate (Remote) salaries in Remote,Unknown,Unknown,https://www.indeed.com/career/cybersecurity-specialist/salaries?campaignid=serp-more&amp;fromjk=7f5137435b0fe512&amp;from=serp-more,https://www.indeed.com/jobs?q=network+security&l=Remote,"+kw:soc, +loc:remote, +remote, +entry:associate"
20,Junior Information Security Analyst,Unknown,Unknown,https://www.indeed.com/rc/clk?jk=fd34721a3c5d968b&amp;bb=g7cxVQRlKqXCk79yviT9-J4eLGbQsmwGAzmZEplf2mZCS313leSEWMWnKXDG5-J2VL3M3F80Zls0LyhgnkrZqpOhWQe4IvTfwPHzV7_1urnapIRTAFEI4yS_y5FLFDsm&amp;xkcb=SoDV67M3lnTh4CgQ3L0DbzkdCdPP&amp;fccid=684336227770390e&amp;vjs=3,https://www.indeed.com/jobs?q=network+security&l=Remote,"+kw:security analyst, +loc:remote, +remote, +entry:junior"
20,"Information Security Analyst jobs in Washington, DC",Unknown,Unknown,"https://www.indeed.com/q-information-security-analyst-l-washington,-dc-jobs.html",https://www.indeed.com/jobs?q=network+security&l=Remote,"+kw:security analyst, +loc:remote, +remote, +entry:analyst"
20,"Junior Information Security Analyst salaries in Washington, DC",Unknown,Unknown,https://www.indeed.com/career/information-security-analyst/salaries/Washington--DC?campaignid=serp-more&amp;fromjk=fd34721a3c5d968b&amp;from=serp-more,https://www.indeed.com/jobs?q=network+security&l=Remote,"+kw:security analyst, +loc:remote, +remote, +entry:junior"
20,Information Security Analyst,Unknown,Unknown,https://www.indeed.com/rc/clk?jk=cf297afb5432ce9f&amp;bb=g7cxVQRlKqXCk79yviT9-DBnh_nRe33qVSawcYWNJGfYTUdaiQkZaQv4xPza6r1g4ECh7GYgr36irgvZShDTFztpLhkU8nI1H935oXXTi4BtphhhCzofXQmx0MzdW33S&amp;xkcb=SoBh67M3lnTh4CgQ3L0CbzkdCdPP&amp;fccid=dd616958bd9ddc12&amp;vjs=3,https://www.indeed.com/jobs?q=network+security&l=Remote,"+kw:security analyst, +loc:remote, +remote, +entry:analyst"
20,Information Security Analyst salaries in Remote,Unknown,Unknown,https://www.indeed.com/career/information-security-analyst/salaries?campaignid=serp-more&amp;fromjk=cf297afb5432ce9f&amp;from=serp-more,https://www.indeed.com/jobs?q=network+security&l=Remote,"+kw:security analyst, +loc:remote, +remote, +entry:analyst"
20,cyber security analyst,Unknown,Unknown,https://www.indeed.com/q-cyber-security-analyst-l-remote-jobs.html,https://www.indeed.com/jobs?q=network+security&l=Remote,"+kw:security analyst, +loc:remote, +remote, +entry:analyst"
16,CyberSecurity Specialist jobs in Remote,Unknown,Unknown,https://www.indeed.com/q-cybersecurity-specialist-l-remote-jobs.html,https://www.indeed.com/jobs?q=network+security&l=Remote,"+kw:cybersecurity, +loc:remote, +remote"
16,Incident Response Engineer - AI Trainer,Unknown,Unknown,https://www.indeed.com/pagead/clk?mo=r&amp;ad=-6NYlbfkN0CnM4TERr6XuVBW3VTRACvDXDx9S3Pbn6a0SwhkmoLTiIZpxuUfjFtTuEKjjp7Y_6D4_re_5NpxtezOdDoVxxKKJOMNvL77vtDBhe0SYcUxNqXLdLKo_x8PMSp8Xu7S2W9LIB34wHprEi3T6DQIE9IQC0G8PZsqDUVWGvu5bWJxQJY1A4K_h8TmqzSDZwvDRpPfeHoJFXF7N0QrREYqaI1Q4E2w5a32Xmjoyo7l37pIcd4WFGM9x4DTiMzBp_0dop0Ucr_hpLDp3PvWcM9pN8yXMyNobaP2utrlRxPaB2sCykxitK7h3meqOgjKrMkhcLCuO1DlYWEw3PdrwlvmGl8mtjQQ8iPSJrjAbnpta3VEzYRPZTKrrQgm_1j3WhldkyGdi3J_GlYppHvvbPw6tlWrFMFcCVgu812tTVxyp8NVW2-afZ8qeDM4_wKH_Y5xy3ljM5qgBnzeFeKTI9_19cDa-AxdBGsqiVrBfu5ATO8TeDb4SHoLMRSgcWnYoSAOCnJ4lrznxPNc7nH2zQh1EaClxzP-AvYUjUKUNJLrPbW8dZPKKJsQFx3j2MxMoucg3rot5mE1P-dxTZzu6GCs86o8Dja10aTGQphvnkGBs0UTUy9MMLQmTTUBS4il7ii0E4rcQxvNjKP43JQw6DcXd24rd1bnrxsn4MeURJNTqaV62IYqMm-q6x4uOYfPVDbV9X9ICRKTTPxftIrHXRCRUruy4loD623yfUpjhhLySf-ceLS3Xz_LX5WN4E59u_a-UzWM2zsrGZrQRcAK7jUXeEVQt4svGQXc4Ku4mEahAVmqviIuLv1aRd0xDMJ5z4MK9NVLIAFo5miW95G32z-lT1vgKFRbr73z7dT_i8uJOBeLigxO5EI5-BDUV-HvwkLPsioiVD5-4LOoiyd1n48M6bNy9hFQGNI6HsGYfsZtFhz9DSQtAfnJqLd4&amp;xkcb=SoAI6_M3lnTh4CgQ3L0BbzkdCdPP&amp;camk=UoKtGZLa3XJcykyh0C_KWQ==&amp;p=10&amp;fvj=0&amp;vjs=3,https://www.indeed.com/jobs?q=network+security&l=Remote,"+kw:incident response, +loc:remote, +remote"
16,Incident Response Engineer - AI Trainer,Unknown,Unknown,https://www.indeed.com/pagead/clk?mo=r&amp;ad=-6NYlbfkN0CnM4TERr6XuVBW3VTRACvDXDx9S3Pbn6a0SwhkmoLTiIZpxuUfjFtTuEKjjp7Y_6D4_re_5NpxtUS0BXcS6Kb-qWkV1QVHAOoMvztoeN9pN_UevaSKGNSQ2NTpp6fF28IsudvE_QfzDX0bmTjmXIuZu-oEK_B2NW_ANUQFVX8sq1_wzE4z8uBuePD5qojBydlvhKe1pSvDJEjBUv-6RmvlCBmIjAp2gNGJd29bUoLpPuxK9dImUPmg22A5TJKzgPDEhe_KN-IUocO_zsjRqYHz3P8QWjE0S-rucjUeVQC56mS3N9_i-OzaA6ZLmE64RS0T5XmXFOV9lZuQjPiI8gzN-E0JKDSau-lxGbri9f1l-2YWpu5iNLhnCOwjhEpiJsKsAP9D7yhxfxUYbxVEzh_uuH0yT5Nj8HJ9fLR9axixy-PbM90PyGdr8BLUZa76SaljARqK6_lfO7Pfqj5hvDudlI_Q9KDI8gqF-HjhvazsyvRi2G22-s5SrXFng64uRHzHRFcn-F8iTSheYG33fqSmcd5bh0ynaM8hgakvmiL0dbTLNAI_tIQe_pYM91v3F_4TGJ-0QD8Qsh2yzVD9DfkNb5q0cAAowXFAnHTbM8h8L5O2iDIHNsgD9CA0T7tJnqGeFZ7okyNUAo449k_I-QrZf4OsfSEZs-EkCXXnueEsCyaClsxoLcBNf4vWkXj_fpTBKcXFQE0TW9Ay94jRWW8Fn_H_l_RSTtHIdonIHdqnFcyzxGojdTWfd3BGqXJmvnUq1LYXvXmgYJ8kH0M3zwKqXcB1wOLbTprXw-ykSf4O4yKnQlzjdfJte8feHmxmHm1_O8r6TPdeCV7pyIpsqlFMEjWEOfH9be4agG0WPlpoEf0VEHTKanRMf6yO2VJJm3n3Q2QS9_zc81LwREWF5e7OF015kxssp0ssfOp77EHC7w==&amp;xkcb=SoC86_M3lnTh4CgQ3L0AbzkdCdPP&amp;camk=UoKtGZLa3XJcykyh0C_KWQ==&amp;p=11&amp;fvj=0&amp;vjs=3,https://www.indeed.com/jobs?q=network+security&l=Remote,"+kw:incident response, +loc:remote, +remote"
16,Incident Response Engineer - AI Trainer,Unknown,Unknown,https://www.indeed.com/pagead/clk?mo=r&amp;ad=-6NYlbfkN0CnM4TERr6XuVBW3VTRACvDXDx9S3Pbn6a0SwhkmoLTiIZpxuUfjFtTuEKjjp7Y_6D4_re_5NpxtWezJx8Ui8FOVNpI31kZZ64Y9fohW5hKykbR84xSXA3wnyneqkFf-gVLUNVRKDlIXj5r393BNHddXhBye5bH2g8L3jxSyEO8rPghyD8VacZE6do12LqJRLqxktlScDrNeW0mK290XEvXjGth4H4GArGNk29gCaV0a9HlklzIZNzSnLSdVRaeR1UjVTMnlNR7C831_LlHfwUzGPj1ISha50aP_48Q7O1Zh-u1HsDVmqAVJgxX4hgrFIFvTAdZ9NYdTZ3Xr3vi5wIDdj7WxuReHVFsTJOWRvh_SODnM1L_7I9s52eXJrUMYbGLPrapZgJAU2QQaELm8khVbgy-RNi8zg9t0I_nOYma6fXms8F1otYvCx-fvXm_ukNsS4C04XikXS-8kN1ddqcZgsAq0_dNLOXmchkir7F97L6zNDzg9acyhJ0F7e2lwuivDfZDAzKdf2NpBpNM5v5D82UuYnPUkItM8mbb79M2lxaJ_W5pSjUb0pkrGa8Ym7asC9wkpM_4InbR9PkCltHBeNWVB_98YDN1La_-HvY4LVfnmzINmxwm39QaxMqX0EzIwu_SZ7lNQLfzy1bJ6NHCJ7B-fUfkGyljV--YCofeRTDKH-WzfEr1GLVcbJziShOs2HijKEfX5bLZIh3RxThZJnHJQtEww_TFF1qA7vbI0OZ4qUpC9N0EOvu8-XxvLABDr-1bIyZjmZaTT5eaNRZj5QJMCA5zP7Sw9hBRRx9aaVvxRZ0PYCGXHZpd1l5oP9MkkbmIEkVG51NAHyyGPx39CLutmBz-7U_pRbyfaV2nL2Jyx9QprX1zANRElw3ypJrVbmM8c6DqmS-AUSgTPc1y0Ivk5KSRFEsGEWyMGzVWRQ==&amp;xkcb=SoAy6_M3lnTh4CgQ3L0HbzkdCdPP&amp;camk=UoKtGZLa3XJcykyh0C_KWQ==&amp;p=12&amp;fvj=0&amp;vjs=3,https://www.indeed.com/jobs?q=network+security&l=Remote,"+kw:incident response, +loc:remote, +remote"
16,Cybersecurity Specialist,Unknown,Unknown,https://www.indeed.com/rc/clk?jk=27384b690953e49e&amp;bb=g7cxVQRlKqXCk79yviT9-JWB8wtHbicB3C1Un4OXRZooRkGtj5btYm7T_KaSqPQQd7xiQxsTQiM109_YLnER6gLmlNk1aWKCFI7cx_UHWmob6uqOCbjvJt26IMWZQQ3h&amp;xkcb=SoBy67M3lnTh4CgQ3L0GbzkdCdPP&amp;fccid=1039136b23667ceb&amp;vjs=3,https://www.indeed.com/jobs?q=network+security&l=Remote,"+kw:cybersecurity, +loc:remote, +remote"
16,Cybersecurity Specialist salaries in Remote,Unknown,Unknown,https://www.indeed.com/career/cybersecurity-specialist/salaries?campaignid=serp-more&amp;fromjk=27384b690953e49e&amp;from=serp-more,https://www.indeed.com/jobs?q=network+security&l=Remote,"+kw:cybersecurity, +loc:remote, +remote"
16,Cybersecurity Engineer [JOB ID 20260319],Unknown,Unknown,https://www.indeed.com/rc/clk?jk=23955c345ce968ad&amp;bb=g7cxVQRlKqXCk79yviT9-F_Z5wptENGGlhjL5GNF2gaySq6Y4ixM5su_DEOB_dyvakrII161Np3XEOnSOWSPfyCt0mPQoZm44J1ppFz1Cwn3ZhjPEEL14fphW3lM5dRT&amp;xkcb=SoBG67M3lnTh4CgQ3L0dbzkdCdPP&amp;fccid=b9fbceb239772756&amp;vjs=3,https://www.indeed.com/jobs?q=network+security&l=Remote,"+kw:cybersecurity, +loc:remote, +remote"
16,"CyberSecurity Engineer jobs in Columbus, OH",Unknown,Unknown,"https://www.indeed.com/q-cybersecurity-engineer-l-columbus,-oh-jobs.html",https://www.indeed.com/jobs?q=network+security&l=Remote,"+kw:cybersecurity, +loc:remote, +remote"
16,Cybersecurity Engineer [JOB ID 20260319],Unknown,Unknown,https://www.indeed.com/viewjob?jk=cdef0123456789ab,https://www.indeed.com/jobs?q=network+security&l=Remote,"+kw:cybersecurity, +loc:remote, +remote"
12,Junior Network Security Engineer,Unknown,Unknown,https://am.linkedin.com/jobs/view/junior-network-security-engineer-at-npo-usa-inc-4377562370?position=33&amp;pageNum=0&amp;refId=tne%2BKa6%2BNmCUiXODBjn0YQ%3D%3D&amp;trackingId=j9Ydfz4R1Q37xIyTNcrOLQ%3D%3D,https://www.linkedin.com/jobs/search/?keywords=network%20security&location=Remote,"+loc:remote, +remote, +entry:junior"
12,Network Analyst,Unknown,Unknown,https://ca.linkedin.com/jobs/view/network-analyst-at-canada-cartage-4396660488?position=38&amp;pageNum=0&amp;refId=tne%2BKa6%2BNmCUiXODBjn0YQ%3D%3D&amp;trackingId=XKgSMI3aCXJ8t9Xfhima%2BQ%3D%3D,https://www.linkedin.com/jobs/search/?keywords=network%20security&location=Remote,"+loc:remote, +remote, +entry:analyst"
12,Network Security Specialist/Forensic Analyst,Unknown,Unknown,https://www.linkedin.com/jobs/view/network-security-specialist-forensic-analyst-at-vrk-it-vision-inc-4361614160?position=49&amp;pageNum=0&amp;refId=tne%2BKa6%2BNmCUiXODBjn0YQ%3D%3D&amp;trackingId=xltQOoXltBNqpYKFOqL%2BuQ%3D%3D,https://www.linkedin.com/jobs/search/?keywords=network%20security&location=Remote,"+loc:remote, +remote, +entry:analyst"
12,Healthcare Regulatory Compliance Analyst - Workers Comp and Commercial Programs,Unknown,Unknown,https://www.indeed.com/pagead/clk?mo=r&amp;ad=-6NYlbfkN0BGkKID9y-xwwNNI_ogsi1w1zLy2iqiwBgSs4lxWMNE2fITS6lY1-11kX0CDPl6tqIBu2RIyAaAfkpNRf2CwdS_FMAUfQE8JYJDR6nLyndvEovwIvAqngDThec3TxtD5XRdO5COstxn6EebyhITwybIjtba9hT9akl3qFSfT6PDT2o43d-amQWkY2J8XxOQFB6zERAVd1dIG4PxQhyEW-eIKdkGzcX7M90iVmQhkx_ckKuusbam02pW4J_VMMFsKnNhrCcD-1SfsSTqqpTuXZmkx0ON22XUvNuS2brvJmM97hqGIy2rwPil6fQ6jEv_YC1rfGF-DGlKLQJECsmgl9VcHc35ZorRHw_XhGdD34-ZJnvlaa2TBj7YrL3D_s2qTfp2xFZOx-DiMaiW2U-_CwTSV_CrwW82TmPz9tr1_NxrsgaSoYPjqRpMBuVDNPj5RJ6bvWb2IBGLUBrNgJezXTGACOW9QmBdNRFKbtM7HRLH_ZQfars5aRPnNYpgClS-3BGDllTvTm2cmC3WP4w62tYGG309qFKgADzwrtpMcdstHHKBbEcaAKL7CIxnfv8JrdFQ_OZRo68c1AgauIVDUrshXesQwhGt0-3lJLDWbdcU-a-ddAE2yldMvmDN_gosmP3p_DzDkqEA7nB9G_n1e4qNcWwnG9xVQO840d2hXYFAHNPfU_8IkdrIvK4WKPqVRbEGL1EnMHay6yX0R4jzLPYPVlpeOaku35aeRDrLEeqF5aEwyaGB9HkMABYy4qpqsIQh1tpCeLwxJ4EuEHrPFsrP-GxTY2f3oZ6QwyF75lO_fSjPBd191IqXnUYUwSIGquLe7VdNxN5rzag97EUsSuvC5nCeLCgwHsy0tG0bmLN88GCcdozfR1vgEW4FIHUCLw7lBfN-A7QHsA==&amp;xkcb=SoCv6_M3lnTh4CgQ3L0EbzkdCdPP&amp;camk=4HOcmqOLYrCrrdvhVjCjpQ==&amp;p=15&amp;fvj=0&amp;vjs=3,https://www.indeed.com/jobs?q=network+security&l=Remote,"+loc:remote, +remote, +entry:analyst"
12,"FP&A Analyst Marketing Finance & Global Events (Budgeting, NetSuite, Allocadia)",Unknown,Unknown,https://www.indeed.com/pagead/clk?mo=r&amp;ad=-6NYlbfkN0Bjic9BpODao-m9BEup4myv2yv9o6hanv70kCRpjMjSDcmmrD9YS-C3GW1Z9Oi6lu2F_2_h95JKexq00VDt1wxzW3x12ysWCH3JXPiU2O1AdAZG5-_8rJ_U535l5gj6Ivhoc944P4EhTVRR4mcJaRDCoMBx_9QXgi7KN6tNi0z5uh5WcqytqTJXrWFmju56k4ccrmNO6wucsEg_pS6goO0AXC9ru_pY8XMGgFk5RpbSZGkEVLCgnyI1gD_w1pdHg3ZBDBy85YPgdGnXD3i_SDKxdXP36c9rK_G3Idt_IZUpfAr3kA2AmoWgePpPWxefipggH_1TWKomBsaH_S-qCRouKVuxrKyv8kvs4KEFS-63dLjr_5A39VzWgtlrez9sBQ1p0s-xzNvIsa7Hk_oNgyy9wUrJfTLmaSSAIB8QkhJu8GWi70p0seyS_Uz5zkPK4UHgoCzOiUgv8twiw7fCWFbe5CAQLbXc1ffxIzwk687ywr18gGObBSJn0cgROUPLNkKBlfyaHtHVKfF_ETFyRGcGcIlwtcdU-23B31HhuOvx-8I0Q1oCV-Q3GiqexrlF0YwjyOCwcV6k_hFxkbMTQ8JGUtgglHxfjRZra-dbNcecoHHdo0uucY6nDRFzqyvdIZAnbQvVexwSZu59h5XRZpHO9aCjt37zEcZdTpzVgZbZN8MlydiFJyn-KPKeTBdOL9hoAHu-StK1MQOoUfTYLB3fJkO80O62wtNkenaMeiPTA74e3lar4eqVsCCBuWeIQV7cQW_EKlP8DQDAmAP5UKR67QvfvqW5ScSDpp9w9PAUCKhDe7Dbkz84UBRMOwcFkfJUwvbfji4H6mx0ZzbzbCqhyqmVIaP6gnMD10SRQzYpdWpZWa6VJ1ne8XKl0teD5n9kbhDt1e_URQxxzm9hE781RoGMZXdzmf4VHQquuCwdAO7UiuGmF1j0olIGgPZLU20oFeRr6yWbaDF8sIZsffUN03N1lbEPVJnm1V0uJkHVo_7BDYwG3d4kd0lgiSt6-j6GsgiZhz49kx6HDa6O6MEct1T3TNGGzB5mWLbnoZHVpPjQo8bEYi_ni3-_hy3aPQX5iJyiV3oMZpDMeCkMcvew9bZ6Hp6V0yaXQboCrtsGf_E82Kykqpak2P3qMG7GquY6ZOVeBrZ8Af8Fe7JoIvuAm7gZVpjRBk8rKSf5smh0psQfV0EYiJr119cJwyHauvSVXoFg0isjNg==&amp;xkcb=SoCI6_M3lnTh4CgQ3L0bbzkdCdPP&amp;camk=wPCgCoxYCCHf4Kf5qhaXjQ==&amp;p=16&amp;fvj=0&amp;vjs=3,https://www.indeed.com/jobs?q=network+security&l=Remote,"+loc:remote, +remote, +entry:analyst"
12,"Analyst, Finance Risk Office",Unknown,Unknown,https://www.indeed.com/pagead/clk?mo=r&amp;ad=-6NYlbfkN0DiLumex8-O4_3W00CpKjtdqHljaYYyDXN4bZlovzQUThTY6M3ePYtQ2rNcapaTzpOiuNCnQiEDVSkIHltK6WHdOQZz_XAl6KaqsYuO4bsLzAMn-rxTjPdLZ1Zz3k607-MKC5cCrJdLDYv563waT5ftwGEl0-hOS9e8MJjgLVZ7gFaZ5thmZwg1hsRU8bFjorQsZs0foo8Lqa42jvGUuu9kMCNgQGSxMrXWWvHYak52lmKKe-g4rQMcoIFXmtrUfeQ5eoKFktqhIikICe0CsiZO3ZO0RplA7WHCr44MgYqO0C_21xgIehbBFMxCaDXUdJWao1veDSNtVgzCjPG0nqWZW7ydTwd-_tmlPLDGZxS3T1AvzFsOLbhLsXri_G9hxuDKRRQ1rm_nxPIe8HhSwi5zhhnnOtQKRPVZiEBEBl-Sbp3VnJHjAXhQp2RnbQM0ZD1veiDEn9KDfg1oqBpCem5eTz_af7KsJ8Q-6j-jruNwY81ocGHIhRsn73iJtcO6con5UnwgMWUovl7TXNiwLOVFUxtF2fF6rLLv9FTGuDqJc2iKOdjQfccrEkWPgzB-Iusv62WvCUw6qsR8DHDDJJbpi1Ok0kYIMzMEqSkgI3x9CEhJV1kBB-thoaDsFAATA8PS8zxbqVjuIF4ERsrfHvUwoQDRG64riIZCOcAgnsKnD_eQAx6RqdnqtBwdh9u6WOGorlC7mqWHT7mTXs4sj5Xl85YzlGczCLypLn6cAADHIvKaWvcBNoWQNGDD0DKwUMpPDThhauJtAy0hzjdnxuOnssRXqJAafvR4KmqpQgIh3u-RFa_kUxxq&amp;xkcb=SoA86_M3lnTh4CgQ3L0abzkdCdPP&amp;camk=xqnMBGaf-K_1AMCVlM2lLg==&amp;p=17&amp;fvj=0&amp;vjs=3,https://www.indeed.com/jobs?q=network+security&l=Remote,"+loc:remote, +remote, +entry:analyst"
8,Network Security Technician,Unknown,Unknown,https://www.linkedin.com/jobs/view/network-security-technician-at-vigilant-4103456871?position=2&amp;pageNum=0&amp;refId=tne%2BKa6%2BNmCUiXODBjn0YQ%3D%3D&amp;trackingId=rdvEx8HVnLyPUWWsWQThQw%3D%3D,https://www.linkedin.com/jobs/search/?keywords=network%20security&location=Remote,"+loc:remote, +remote"
8,"Network Security Engineer -Middletown, NJ Onsite, 2nd Shift",Unknown,Unknown,https://www.linkedin.com/jobs/view/network-security-engineer-middletown-nj-onsite-2nd-shift-at-lincolnit-4189691107?position=3&amp;pageNum=0&amp;refId=tne%2BKa6%2BNmCUiXODBjn0YQ%3D%3D&amp;trackingId=tFR8yL160MfRsHRIakTj9Q%3D%3D,https://www.linkedin.com/jobs/search/?keywords=network%20security&location=Remote,"+loc:remote, +remote"
8,Network Security Engineer,Unknown,Unknown,https://www.linkedin.com/jobs/view/network-security-engineer-at-saransh-inc-4372904689?position=4&amp;pageNum=0&amp;refId=tne%2BKa6%2BNmCUiXODBjn0YQ%3D%3D&amp;trackingId=b62pMr%2BVNgFW7MWz173lFQ%3D%3D,https://www.linkedin.com/jobs/search/?keywords=network%20security&location=Remote,"+loc:remote, +remote"
8,Network Security – Palo Alto Prisma (Local to DMV),Unknown,Unknown,https://www.linkedin.com/jobs/view/network-security-%E2%80%93-palo-alto-prisma-local-to-dmv-at-snowrelic-inc-4384398134?position=5&amp;pageNum=0&amp;refId=tne%2BKa6%2BNmCUiXODBjn0YQ%3D%3D&amp;trackingId=WDHHQdnZu3qM0ydReWXoWg%3D%3D,https://www.linkedin.com/jobs/search/?keywords=network%20security&location=Remote,"+loc:remote, +remote"
8,Close Protection Officer / Residential Security Officer (contract role),Unknown,Unknown,https://uk.linkedin.com/jobs/view/close-protection-officer-residential-security-officer-contract-role-at-prevail-partners-limited-4395291632?position=6&amp;pageNum=0&amp;refId=tne%2BKa6%2BNmCUiXODBjn0YQ%3D%3D&amp;trackingId=pV2bLUniMLHtKagjbi0Egg%3D%3D,https://www.linkedin.com/jobs/search/?keywords=network%20security&location=Remote,"+loc:remote, +remote"
8,Network Security Engineer,Unknown,Unknown,https://www.linkedin.com/jobs/view/network-security-engineer-at-redseal-inc-4377018836?position=7&amp;pageNum=0&amp;refId=tne%2BKa6%2BNmCUiXODBjn0YQ%3D%3D&amp;trackingId=DlgW8bp7UyPmHNHk22wTiQ%3D%3D,https://www.linkedin.com/jobs/search/?keywords=network%20security&location=Remote,"+loc:remote, +remote"
8,Information Technology Network Administrator,Unknown,Unknown,https://www.linkedin.com/jobs/view/information-technology-network-administrator-at-summit-net-trekker-4396475350?position=8&amp;pageNum=0&amp;refId=tne%2BKa6%2BNmCUiXODBjn0YQ%3D%3D&amp;trackingId=xtA7WNSpucThjiYr9ddknQ%3D%3D,https://www.linkedin.com/jobs/search/?keywords=network%20security&location=Remote,"+loc:remote, +remote"
8,Network Security Engineer,Unknown,Unknown,https://be.linkedin.com/jobs/view/network-security-engineer-at-m%C3%BCller-s-solutions-4388359024?position=10&amp;pageNum=0&amp;refId=tne%2BKa6%2BNmCUiXODBjn0YQ%3D%3D&amp;trackingId=duCFDpe%2FH8zHjbxxca9Drg%3D%3D,https://www.linkedin.com/jobs/search/?keywords=network%20security&location=Remote,"+loc:remote, +remote"
8,"Chief Security Officer, VUPS",Unknown,Unknown,https://www.linkedin.com/jobs/view/chief-security-officer-vups-at-vanderbilt-university-4396461665?position=11&amp;pageNum=0&amp;refId=tne%2BKa6%2BNmCUiXODBjn0YQ%3D%3D&amp;trackingId=JM66AMBXBL0JPgjmWN0jrw%3D%3D,https://www.linkedin.com/jobs/search/?keywords=network%20security&location=Remote,"+loc:remote, +remote"
8,Network Security Engineer (Zscaler),Unknown,Unknown,https://www.linkedin.com/jobs/view/network-security-engineer-zscaler-at-ultraviolet-cyber-4387485743?position=12&amp;pageNum=0&amp;refId=tne%2BKa6%2BNmCUiXODBjn0YQ%3D%3D&amp;trackingId=VwrfOOEvqKKGc2qQTq5cwg%3D%3D,https://www.linkedin.com/jobs/search/?keywords=network%20security&location=Remote,"+loc:remote, +remote"
8,UltraViolet Cyber,Unknown,Unknown,https://www.linkedin.com/company/uvcyber?trk=public_jobs_jserp-result_job-search-card-subtitle,https://www.linkedin.com/jobs/search/?keywords=network%20security&location=Remote,"+loc:remote, +remote"
8,Network Security Engineer,Unknown,Unknown,https://www.linkedin.com/jobs/view/network-security-engineer-at-city-of-marietta-4386684923?position=13&amp;pageNum=0&amp;refId=tne%2BKa6%2BNmCUiXODBjn0YQ%3D%3D&amp;trackingId=jPNWHny9TNdCHm4%2FdAZEqg%3D%3D,https://www.linkedin.com/jobs/search/?keywords=network%20security&location=Remote,"+loc:remote, +remote"
8,Network Security Engineer III,Unknown,Unknown,https://www.linkedin.com/jobs/view/network-security-engineer-iii-at-teksynap-4199015909?position=14&amp;pageNum=0&amp;refId=tne%2BKa6%2BNmCUiXODBjn0YQ%3D%3D&amp;trackingId=vWR317FNn7lGjUCVyEFTkg%3D%3D,https://www.linkedin.com/jobs/search/?keywords=network%20security&location=Remote,"+loc:remote, +remote"
8,Senior Network Security Engineer,Unknown,Unknown,https://gr.linkedin.com/jobs/view/senior-network-security-engineer-at-iknowhow-sa-4394609590?position=15&amp;pageNum=0&amp;refId=tne%2BKa6%2BNmCUiXODBjn0YQ%3D%3D&amp;trackingId=99sY%2Bz8Z0iQKu%2FCWomcbvg%3D%3D,https://www.linkedin.com/jobs/search/?keywords=network%20security&location=Remote,"+loc:remote, +remote"
8,Head of Security (SCE-DHO-2026-77-LD),Unknown,Unknown,https://ch.linkedin.com/jobs/view/head-of-security-sce-dho-2026-77-ld-at-cern-4396963095?position=16&amp;pageNum=0&amp;refId=tne%2BKa6%2BNmCUiXODBjn0YQ%3D%3D&amp;trackingId=L3rMOfp1WHeFCjvsUOGwEA%3D%3D,https://www.linkedin.com/jobs/search/?keywords=network%20security&location=Remote,"+loc:remote, +remote"
8,Network Security Engineer,Unknown,Unknown,https://sg.linkedin.com/jobs/view/network-security-engineer-at-sopra-steria-4365433411?position=17&amp;pageNum=0&amp;refId=tne%2BKa6%2BNmCUiXODBjn0YQ%3D%3D&amp;trackingId=RLc4WSmAvtdpaSNxC57phQ%3D%3D,https://www.linkedin.com/jobs/search/?keywords=network%20security&location=Remote,"+loc:remote, +remote"
8,Network Security Engineer,Unknown,Unknown,https://www.linkedin.com/jobs/view/network-security-engineer-at-synergy-ecp-4381400107?position=19&amp;pageNum=0&amp;refId=tne%2BKa6%2BNmCUiXODBjn0YQ%3D%3D&amp;trackingId=M4PDeb%2Bu0AXpY0ki%2FYqw7g%3D%3D,https://www.linkedin.com/jobs/search/?keywords=network%20security&location=Remote,"+loc:remote, +remote"
8,Network and Security Adminstrator,Unknown,Unknown,https://www.linkedin.com/jobs/view/network-and-security-adminstrator-at-nesnah-ventures-4389990338?position=20&amp;pageNum=0&amp;refId=tne%2BKa6%2BNmCUiXODBjn0YQ%3D%3D&amp;trackingId=0hJfPHOuVQ%2Bh5RKr%2BxgB4A%3D%3D,https://www.linkedin.com/jobs/search/?keywords=network%20security&location=Remote,"+loc:remote, +remote"
8,Network Security Engineer,Unknown,Unknown,https://www.linkedin.com/jobs/view/network-security-engineer-at-itrade-innovations-stem-4167234166?position=21&amp;pageNum=0&amp;refId=tne%2BKa6%2BNmCUiXODBjn0YQ%3D%3D&amp;trackingId=CXKmQydX0tzx%2BqpuW7%2FAMQ%3D%3D,https://www.linkedin.com/jobs/search/?keywords=network%20security&location=Remote,"+loc:remote, +remote"
8,Network & Security Engineer,Unknown,Unknown,https://ch.linkedin.com/jobs/view/network-security-engineer-at-relewant-4392882468?position=22&amp;pageNum=0&amp;refId=tne%2BKa6%2BNmCUiXODBjn0YQ%3D%3D&amp;trackingId=oUbF533msycplx7c75ulJQ%3D%3D,https://www.linkedin.com/jobs/search/?keywords=network%20security&location=Remote,"+loc:remote, +remote"
8,NETWORK SECURITY ENGINEER,Unknown,Unknown,https://my.linkedin.com/jobs/view/network-security-engineer-at-netpoleon-malaysia-4157744174?position=23&amp;pageNum=0&amp;refId=tne%2BKa6%2BNmCUiXODBjn0YQ%3D%3D&amp;trackingId=3%2BQT9%2BXsrxoCqACSWWnHHA%3D%3D,https://www.linkedin.com/jobs/search/?keywords=network%20security&location=Remote,"+loc:remote, +remote"
8,Network and Security (Cisco) Engineer,Unknown,Unknown,https://pt.linkedin.com/jobs/view/network-and-security-cisco-engineer-at-fyld-3787749255?position=24&amp;pageNum=0&amp;refId=tne%2BKa6%2BNmCUiXODBjn0YQ%3D%3D&amp;trackingId=qzKLoatzzgd09dDIIH63Xg%3D%3D,https://www.linkedin.com/jobs/search/?keywords=network%20security&location=Remote,"+loc:remote, +remote"
8,SecurityHQ,Unknown,Unknown,https://uk.linkedin.com/company/securityhq?trk=public_jobs_jserp-result_job-search-card-subtitle,https://www.linkedin.com/jobs/search/?keywords=network%20security&location=Remote,"+loc:remote, +remote"
8,Network Security Engineer,Unknown,Unknown,https://www.linkedin.com/jobs/view/network-security-engineer-at-cymertek-corporation-4265547531?position=26&amp;pageNum=0&amp;refId=tne%2BKa6%2BNmCUiXODBjn0YQ%3D%3D&amp;trackingId=Z8wtt0mmJwqSjLyW4ZBtFA%3D%3D,https://www.linkedin.com/jobs/search/?keywords=network%20security&location=Remote,"+loc:remote, +remote"
8,Senior Network Security Engineer,Unknown,Unknown,https://www.linkedin.com/jobs/view/senior-network-security-engineer-at-redseal-inc-4377028259?position=29&amp;pageNum=0&amp;refId=tne%2BKa6%2BNmCUiXODBjn0YQ%3D%3D&amp;trackingId=aHavHq%2Fh99wYZNYybn6B5Q%3D%3D,https://www.linkedin.com/jobs/search/?keywords=network%20security&location=Remote,"+loc:remote, +remote"
8,Network Security Firewall Engineer,Unknown,Unknown,https://ph.linkedin.com/jobs/view/network-security-firewall-engineer-at-capgemini-4376565126?position=30&amp;pageNum=0&amp;refId=tne%2BKa6%2BNmCUiXODBjn0YQ%3D%3D&amp;trackingId=jy3kkLlHEqe29JML22okSQ%3D%3D,https://www.linkedin.com/jobs/search/?keywords=network%20security&location=Remote,"+loc:remote, +remote"
8,Network Administrator,Unknown,Unknown,https://ca.linkedin.com/jobs/view/network-administrator-at-peopletogo-inc-4394917662?position=31&amp;pageNum=0&amp;refId=tne%2BKa6%2BNmCUiXODBjn0YQ%3D%3D&amp;trackingId=d%2BL%2FegFR6zWX3BwxzDKm5A%3D%3D,https://www.linkedin.com/jobs/search/?keywords=network%20security&location=Remote,"+loc:remote, +remote"
8,Network Security Engineer,Unknown,Unknown,https://sa.linkedin.com/jobs/view/network-security-engineer-at-3m-data-4396745113?position=32&amp;pageNum=0&amp;refId=tne%2BKa6%2BNmCUiXODBjn0YQ%3D%3D&amp;trackingId=G05AOJz6hPZiC93YE3wV2g%3D%3D,https://www.linkedin.com/jobs/search/?keywords=network%20security&location=Remote,"+loc:remote, +remote"
8,Airport Security Specialist,Unknown,Unknown,https://www.linkedin.com/jobs/view/airport-security-specialist-at-county-of-volusia-4396258533?position=35&amp;pageNum=0&amp;refId=tne%2BKa6%2BNmCUiXODBjn0YQ%3D%3D&amp;trackingId=KBpPUdmMaSPQrXZf9iumtA%3D%3D,https://www.linkedin.com/jobs/search/?keywords=network%20security&location=Remote,"+loc:remote, +remote"
8,Senior Network Security Engineer,Unknown,Unknown,https://sa.linkedin.com/jobs/view/senior-network-security-engineer-at-abunayyan-holding-4395306891?position=36&amp;pageNum=0&amp;refId=tne%2BKa6%2BNmCUiXODBjn0YQ%3D%3D&amp;trackingId=5QKPz0n%2Fbe2aol5s9BxKNg%3D%3D,https://www.linkedin.com/jobs/search/?keywords=network%20security&location=Remote,"+loc:remote, +remote"
8,Network and Security Specialist,Unknown,Unknown,https://www.linkedin.com/jobs/view/network-and-security-specialist-at-national-wildlife-federation-4389789107?position=37&amp;pageNum=0&amp;refId=tne%2BKa6%2BNmCUiXODBjn0YQ%3D%3D&amp;trackingId=%2FvyqfcFeQiAOOwA6xJdhVg%3D%3D,https://www.linkedin.com/jobs/search/?keywords=network%20security&location=Remote,"+loc:remote, +remote"
8,"Palo Alto Network Security Engineer - Hybrid Role in Baltimore, MD",Unknown,Unknown,https://www.linkedin.com/jobs/view/palo-alto-network-security-engineer-hybrid-role-in-baltimore-md-at-booker-dimaio-4382164135?position=39&amp;pageNum=0&amp;refId=tne%2BKa6%2BNmCUiXODBjn0YQ%3D%3D&amp;trackingId=P9Zz45jmbLi1jGtpVeTvXA%3D%3D,https://www.linkedin.com/jobs/search/?keywords=network%20security&location=Remote,"+loc:remote, +remote"
8,Network Security Engineer,Unknown,Unknown,https://www.linkedin.com/jobs/view/network-security-engineer-at-cymertek-corporation-4265110220?position=40&amp;pageNum=0&amp;refId=tne%2BKa6%2BNmCUiXODBjn0YQ%3D%3D&amp;trackingId=%2FO9mmME0uo8hv26M0qFRrw%3D%3D,https://www.linkedin.com/jobs/search/?keywords=network%20security&location=Remote,"+loc:remote, +remote"
8,Network Security Engineer,Unknown,Unknown,https://www.linkedin.com/jobs/view/network-security-engineer-at-cymertek-corporation-4265115114?position=41&amp;pageNum=0&amp;refId=tne%2BKa6%2BNmCUiXODBjn0YQ%3D%3D&amp;trackingId=HzAmuimx8lSFqtnSd1syhg%3D%3D,https://www.linkedin.com/jobs/search/?keywords=network%20security&location=Remote,"+loc:remote, +remote"
8,Network Security Engineer (L2),Unknown,Unknown,https://sg.linkedin.com/jobs/view/network-security-engineer-l2-at-sopra-steria-4393279991?position=42&amp;pageNum=0&amp;refId=tne%2BKa6%2BNmCUiXODBjn0YQ%3D%3D&amp;trackingId=m%2Biijjjw%2FrlpHZBuJ72o5Q%3D%3D,https://www.linkedin.com/jobs/search/?keywords=network%20security&location=Remote,"+loc:remote, +remote"
8,Rank1 - Network & Security Engineer,Unknown,Unknown,https://be.linkedin.com/jobs/view/rank1-network-security-engineer-at-gumption-group-4384595676?position=43&amp;pageNum=0&amp;refId=tne%2BKa6%2BNmCUiXODBjn0YQ%3D%3D&amp;trackingId=32ag5FiriuPC3ywuSxK9ag%3D%3D,https://www.linkedin.com/jobs/search/?keywords=network%20security&location=Remote,"+loc:remote, +remote"
8,Network and Security Administrator,Unknown,Unknown,https://www.linkedin.com/jobs/view/network-and-security-administrator-at-first-u-s-community-credit-union-4365769187?position=44&amp;pageNum=0&amp;refId=tne%2BKa6%2BNmCUiXODBjn0YQ%3D%3D&amp;trackingId=GpAk4LQ%2BpoEAq3y%2Fah5p3g%3D%3D,https://www.linkedin.com/jobs/search/?keywords=network%20security&location=Remote,"+loc:remote, +remote"
8,Network Security Administrator w/Top Secret Clearance,Unknown,Unknown,https://www.linkedin.com/jobs/view/network-security-administrator-w-top-secret-clearance-at-teksynap-4264262841?position=46&amp;pageNum=0&amp;refId=tne%2BKa6%2BNmCUiXODBjn0YQ%3D%3D&amp;trackingId=urXtf3t5QcC6Z8RSUQpbyA%3D%3D,https://www.linkedin.com/jobs/search/?keywords=network%20security&location=Remote,"+loc:remote, +remote"
8,"Senior Network Security Engineer, Federal",Unknown,Unknown,https://www.linkedin.com/jobs/view/senior-network-security-engineer-federal-at-redseal-inc-4377028258?position=47&amp;pageNum=0&amp;refId=tne%2BKa6%2BNmCUiXODBjn0YQ%3D%3D&amp;trackingId=TtL8%2BVdjcmx957mb4BeT9A%3D%3D,https://www.linkedin.com/jobs/search/?keywords=network%20security&location=Remote,"+loc:remote, +remote"
8,Network Security Engineer,Unknown,Unknown,https://www.linkedin.com/jobs/view/network-security-engineer-at-choiceone-bank-4384137351?position=48&amp;pageNum=0&amp;refId=tne%2BKa6%2BNmCUiXODBjn0YQ%3D%3D&amp;trackingId=Edk1i2qfKbCLU4DWrWO6%2FA%3D%3D,https://www.linkedin.com/jobs/search/?keywords=network%20security&location=Remote,"+loc:remote, +remote"
8,Network Security Engineer,Unknown,Unknown,https://uk.linkedin.com/jobs/view/network-security-engineer-at-sadler-recruitment-4383117614?position=50&amp;pageNum=0&amp;refId=tne%2BKa6%2BNmCUiXODBjn0YQ%3D%3D&amp;trackingId=7WbyVvNaZ3J7Xs91q6FkKw%3D%3D,https://www.linkedin.com/jobs/search/?keywords=network%20security&location=Remote,"+loc:remote, +remote"
8,Network Security Engineer at IT Horizons Nigeria Limited,Unknown,Unknown,https://ng.linkedin.com/jobs/view/network-security-engineer-at-it-horizons-nigeria-limited-at-ithorizons-4166247179?position=51&amp;pageNum=0&amp;refId=tne%2BKa6%2BNmCUiXODBjn0YQ%3D%3D&amp;trackingId=t24yX0gMhZotvceSzvFF0Q%3D%3D,https://www.linkedin.com/jobs/search/?keywords=network%20security&location=Remote,"+loc:remote, +remote"
8,IAM Security Engineer,Unknown,Unknown,https://www.indeed.com/pagead/clk?mo=r&amp;ad=-6NYlbfkN0AEFElgJvH0khGA9zFQnp2BxzQ0kZOw7TdbpWENTeb18Hk82MYBYUAFzJZtrl5sxJ6UMtBRm491ArZ5p_wxycy-9hoN-TNqJaIqt48B7hStLf2VxhJQPDNvhVZV8xGS80xm3ufV2yQxM9BqvdLyU37CGDJBBdGLtSNB_zOlAf9dUP88kfEWSc-SD9EBXXE5NZIiy7EnX4K28Qg0FG5iDHQZHAyZX3oZUtLQ8VzszFj4145Y_iSLNs0PxgmgwUJp8E2nJa6FBplpy39Hggo5AGU8raTSMa27OsZx2reJInHpPSdm5PFy8dwiOalw_ep3rrfdQZ-_0HvVbqxUGgJSqVUDxGlwkmAxX7cEubm8n7zjwjWbm7z5zwc0zWcnmiIwhGtzsYxP5z_zqlEBXFlPdyi6BV4tq1ZjELM-JvKuDnWtOIOWbXt8-5egOCmRiTJ7gy7vQCAGV917BnOCxCXlImaValBG7zoOhiLHc6iIVaORxcYGUrIc3yjrrntjP5v4sQUF6MzW5V2BBUSjAlQcvMfT6M6Mfuft6VEEGwcgrdQFENpr8ZAuqNm29N4rGEO7b503F_oI75qYf-KjF00kKmXontrXtpfmB_6LD2Rcgb558acbr8kTMmZ50Jas20xIz5e1tP4cxRmhQk8-EOiGeFWN7hOODl7aiAJu0fGY4MR7gHXKxXA_F59Y&amp;xkcb=SoBG6_M3lnTh4CgQ3L0LbzkdCdPP&amp;camk=ethIe0s0hedrw3pKnW6CKA==&amp;p=0&amp;fvj=0&amp;vjs=3,https://www.indeed.com/jobs?q=network+security&l=Remote,"+loc:remote, +remote"
8,AI Information Security Engineer,Unknown,Unknown,https://www.indeed.com/rc/clk?jk=c880cda93df13168&amp;bb=g7cxVQRlKqXCk79yviT9-OGVGN4LxU6pKJ0UpbAt9xYQqKqqwclyJwtEwlcF7aF5xYtUSlEWgD4uft6NnbOqLxHP7LoKx-xPDSUr9ZBkpzLHOwtYX9VqooD6-JgiT4Mc&amp;xkcb=SoCb67M3lnTh4CgQ3L0JbzkdCdPP&amp;fccid=10119bc008fd8b8d&amp;vjs=3,https://www.indeed.com/jobs?q=network+security&l=Remote,"+loc:remote, +remote"
8,Information Systems Security Engineer jobs in Remote,Unknown,Unknown,https://www.indeed.com/q-information-systems-security-engineer-l-remote-jobs.html,https://www.indeed.com/jobs?q=network+security&l=Remote,"+loc:remote, +remote"
8,AI Information Security Engineer salaries in Remote,Unknown,Unknown,https://www.indeed.com/career/information-systems-security-engineer/salaries?campaignid=serp-more&amp;fromjk=c880cda93df13168&amp;from=serp-more,https://www.indeed.com/jobs?q=network+security&l=Remote,"+loc:remote, +remote"
8,Lead Network Security Specialist,Unknown,Unknown,https://www.indeed.com/pagead/clk?mo=r&amp;ad=-6NYlbfkN0C2YNyQh3GFAwQ-dyuiZmvfa2S_250bNGRBUZFpswMPsSccQyJDLEPcvUtVbhbpd5gDvcdJVTCAtSQKI32ibLwLXw1q_yOqoepF5VgqiKxQb3TyjRo146hw9erm4deuI8RvKYRMLHMchLAFDP7dT_VY4ydBL5rWzRHrSH9oMTIfMtzFW786sZf0SFLmP9Bt4fQ3Anr9XmKvqrue8GKjStvjwmKuvLtYjKOEtaGb-X44Pc9KE2z8nkIw6FuwFjJuZCF_lQJv5flLliHnqLOlt8Pi9RbggHjOF4romdEuhj1vw-FU8xf6fURnJA1GkfZxf_qvRnUxbnE_s1HOMPxDAPNe5a-iVUgAhvCamJLdGrcCilzRzEXzgxO454UeKWVHNuQSpnHmzyrCGC3Um4b_h2Dm-QtbwFQ5sbhPlDSZ5AL6-RY91-7VFMzGxkojdBO0Q2-xHDHCp2UlSgsZ0-nb-Dl98x3wbli1s8vzFBcGd2o-BxLG-IWTuwt8YQOkGgsnOz-38Voz38V7a0N_8pU0o4zH4jaLSGqxso8RGI3u_jtOkZfCgJiWcL9L1TGbiP3vbWKFtB3bMi5Vy-FvRliOV_MTYZRlLyjpcDwts2fuxPbVfJ6vlKK26COx0ik-nRtnYK33hyk-nggRTEpREgaLocMmBE2Sq7E4_eWhM1vlR-aavQ==&amp;xkcb=SoDh6_M3lnTh4CgQ3L0ObzkdCdPP&amp;camk=UoKtGZLa3XID6kRSnY-WXA==&amp;p=5&amp;fvj=0&amp;vjs=3,https://www.indeed.com/jobs?q=network+security&l=Remote,"+loc:remote, +remote"
8,Sr. Security Solutions Engineer (Zero Trust & Cloud Security),Unknown,Unknown,https://www.indeed.com/rc/clk?jk=973bc5820a8eff83&amp;bb=g7cxVQRlKqXCk79yviT9-DBnh_nRe33qnQLtj7_4AOgxrnF-yxqghMRgaEHVGf81T1LWOjwSNzM6lRcdiM1xGLEZ0CFIHtSQCAZSkkkjfISdrvwBIun2GcAe8lKgBh8I&amp;xkcb=SoDv67M3lnTh4CgQ3L0FbzkdCdPP&amp;fccid=3a596828dc4d5a16&amp;vjs=3,https://www.indeed.com/jobs?q=network+security&l=Remote,"+loc:remote, +remote"
8,Active Cyber LLC jobs in Remote,Unknown,Unknown,https://www.indeed.com/q-active-cyber-llc-l-remote-jobs.html,https://www.indeed.com/jobs?q=network+security&l=Remote,"+loc:remote, +remote"
8,Sr. Security Solutions Engineer (Zero Trust & Cloud Security) salaries in Remote,Unknown,Unknown,https://www.indeed.com/career/solutions-engineer/salaries?campaignid=serp-more&amp;fromjk=973bc5820a8eff83&amp;from=serp-more,https://www.indeed.com/jobs?q=network+security&l=Remote,"+loc:remote, +remote"
8,questions & answers about Active Cyber LLC,Unknown,Unknown,https://www.indeed.com/cmp/Active-Cyber/faq,https://www.indeed.com/jobs?q=network+security&l=Remote,"+loc:remote, +remote"
8,Security Engineer,Unknown,Unknown,https://www.indeed.com/rc/clk?jk=bf10dd0c4c54b2eb&amp;bb=g7cxVQRlKqXCk79yviT9-G8m3qWNJ9SEMB-jSmzSLA0ybokjfoHhRatzl0j51FkO5EkLDXnrHahygo8PvAYl7OaZQWzCaLcwhr-121L5pSK0Oyu5JKK7urQ-rzxCHjhU&amp;xkcb=SoBV67M3lnTh4CgQ3L0ZbzkdCdPP&amp;fccid=40b4666c5150597f&amp;vjs=3,https://www.indeed.com/jobs?q=network+security&l=Remote,"+loc:remote, +remote"
8,Security Engineer salaries in Remote,Unknown,Unknown,https://www.indeed.com/career/security-engineer/salaries?campaignid=serp-more&amp;fromjk=bf10dd0c4c54b2eb&amp;from=serp-more,https://www.indeed.com/jobs?q=network+security&l=Remote,"+loc:remote, +remote"
8,Security Engineer,Unknown,Unknown,https://www.indeed.com/rc/clk?jk=99c98ff187fac898&amp;bb=g7cxVQRlKqXCk79yviT9-JeYZS3PSQWR6CY5qbmeey9d0VZl2Mtc2C2vkU8a6ovHeNggwLcF3H1JAIF5XyQG1cI5aYiTNZCa98iHdXR3L0YYf-t8W-6ehxqSEFnx9L4t&amp;xkcb=SoDh67M3lnTh4CgQ3L0YbzkdCdPP&amp;fccid=631d8920a7846877&amp;vjs=3,https://www.indeed.com/jobs?q=network+security&l=Remote,"+loc:remote, +remote"
8,NuHarbor Security jobs in Remote,Unknown,Unknown,https://www.indeed.com/q-nuharbor-security-l-remote-jobs.html,https://www.indeed.com/jobs?q=network+security&l=Remote,"+loc:remote, +remote"
8,Security Engineer salaries in Remote,Unknown,Unknown,https://www.indeed.com/career/security-engineer/salaries?campaignid=serp-more&amp;fromjk=99c98ff187fac898&amp;from=serp-more,https://www.indeed.com/jobs?q=network+security&l=Remote,"+loc:remote, +remote"
8,questions & answers about NuHarbor Security,Unknown,Unknown,https://www.indeed.com/cmp/Nuharbor-Security/faq,https://www.indeed.com/jobs?q=network+security&l=Remote,"+loc:remote, +remote"
8,Sr. Corporate Security Engineer,Unknown,Unknown,https://www.indeed.com/rc/clk?jk=39b3f228b4609e20&amp;bb=g7cxVQRlKqXCk79yviT9-GfBaYozajZjxsXkOywamqfoGQgOGjkd8YxU5PjfODtlqf-gbDev2SamwN5twqxuaPwZCodJGMv0rgYdurvrl2rYautKQ6IPeM2v_d6du44d&amp;xkcb=SoBv67M3lnTh4CgQ3L0fbzkdCdPP&amp;fccid=97a24bbcb574323f&amp;vjs=3,https://www.indeed.com/jobs?q=network+security&l=Remote,"+loc:remote, +remote"
8,Senior Security Engineer jobs in Remote,Unknown,Unknown,https://www.indeed.com/q-senior-security-engineer-l-remote-jobs.html,https://www.indeed.com/jobs?q=network+security&l=Remote,"+loc:remote, +remote"
8,Sr. Corporate Security Engineer salaries in Remote,Unknown,Unknown,https://www.indeed.com/career/senior-security-engineer/salaries?campaignid=serp-more&amp;fromjk=39b3f228b4609e20&amp;from=serp-more,https://www.indeed.com/jobs?q=network+security&l=Remote,"+loc:remote, +remote"
8,"Phoenix Cyber jobs in Columbus, OH",Unknown,Unknown,"https://www.indeed.com/q-phoenix-cyber-l-columbus,-oh-jobs.html",https://www.indeed.com/jobs?q=network+security&l=Remote,"+loc:remote, +remote"
8,Jr. Information Security Specialist,Unknown,Unknown,https://www.indeed.com/rc/clk?jk=55519c074e50ca99&amp;bb=g7cxVQRlKqXCk79yviT9-J42JKC0zTICdnV4tmz836cS27c3kX2KcxBFw_FE7jlN2cJFBoyI_mTiyDTRGZUGEbStMkf38nl8wEsNJEPab6c-qtcnVLwA6TTM98pwNrGn&amp;xkcb=SoDy67M3lnTh4CgQ3L0cbzkdCdPP&amp;fccid=d6a36115c7218efd&amp;vjs=3,https://www.indeed.com/jobs?q=network+security&l=Remote,"+loc:remote, +remote"
8,"IT Security Specialist jobs in Washington, DC",Unknown,Unknown,"https://www.indeed.com/q-it-security-specialist-l-washington,-dc-jobs.html",https://www.indeed.com/jobs?q=network+security&l=Remote,"+loc:remote, +remote"
8,"Jr. Information Security Specialist salaries in Washington, DC",Unknown,Unknown,https://www.indeed.com/career/it-security-specialist/salaries/Washington--DC?campaignid=serp-more&amp;fromjk=55519c074e50ca99&amp;from=serp-more,https://www.indeed.com/jobs?q=network+security&l=Remote,"+loc:remote, +remote"
8,network security engineer,Unknown,Unknown,https://www.indeed.com/q-network-security-engineer-l-remote-jobs.html,https://www.indeed.com/jobs?q=network+security&l=Remote,"+loc:remote, +remote"
-999,[SOURCE ERROR] https://www.indeed.com/jobs?q=cybersecurity+analyst&l=Remote,N/A,N/A,https://www.indeed.com/jobs?q=cybersecurity+analyst&l=Remote,https://www.indeed.com/jobs?q=cybersecurity+analyst&l=Remote,error:HTTPError
-999,[SOURCE ERROR] https://www.indeed.com/jobs?q=soc+analyst&l=Remote,N/A,N/A,https://www.indeed.com/jobs?q=soc+analyst&l=Remote,https://www.indeed.com/jobs?q=soc+analyst&l=Remote,error:HTTPError
